sha256,source_root,relative_path,absolute_source_path,size_bytes,mtime_utc,format,classification,classification_basis,track_assignment,manifest_row,manifest_status,prior_hash_status,prior_hash_sources,copies_of_this_content,is_primary_copy,import_recommendation,import_blocking,notes
ef00e6e81fa0b9f627f64345c9697681aa8dbcb5df067d6a23d23676e3c8c7b9,/mnt/c/Users/fuent/Documents/ERCOT_Project_Migration_2026-07-29,Artifact_SHA256_Index_v2.md,/mnt/c/Users/fuent/Documents/ERCOT_Project_Migration_2026-07-29/Artifact_SHA256_Index_v2.md,7268,2026-07-29T12:41:44Z,md,obsolete,migration manifest status: SUPERSEDED,ARCHIVE,Artifact_SHA256_Index_v2.md,SUPERSEDED,PRIOR_HASH_MATCH,project_extracted_observed.sha256,2,YES,IMPORT_TO_ARCHIVE_ONLY,,
7be0f2476600e48ca238f63a0c5a7c23bafb0270c3035153abc8058f034c6e57,/mnt/c/Users/fuent/Documents/ERCOT_Project_Migration_2026-07-29,Artifact_SHA256_Index_v3.md,/mnt/c/Users/fuent/Documents/ERCOT_Project_Migration_2026-07-29/Artifact_SHA256_Index_v3.md,8418,2026-07-29T12:41:44Z,md,obsolete,migration manifest status: SUPERSEDED,ARCHIVE,Artifact_SHA256_Index_v3.md,SUPERSEDED,PRIOR_HASH_MATCH,project_extracted_observed.sha256,2,YES,IMPORT_TO_ARCHIVE_ONLY,,
422107d1066573ad636a962abad5db76ae5a968a6b1a1a03e8410b27f11a1a9b,/mnt/c/Users/fuent/Documents/ERCOT_Project_Migration_2026-07-29,Artifact_SHA256_Index_v4.md,/mnt/c/Users/fuent/Documents/ERCOT_Project_Migration_2026-07-29/Artifact_SHA256_Index_v4.md,7499,2026-07-29T12:41:44Z,md,obsolete,migration manifest status: SUPERSEDED,ARCHIVE,Artifact_SHA256_Index_v4.md,SUPERSEDED,PRIOR_HASH_MATCH,project_extracted_observed.sha256,2,YES,IMPORT_TO_ARCHIVE_ONLY,,
62b2b343d6d81501bc554f7cc595c5ec64c9710977c968fa27c41a968238352d,/mnt/c/Users/fuent/Documents/ERCOT_Project_Migration_2026-07-29,Artifact_SHA256_Index_v5.md,/mnt/c/Users/fuent/Documents/ERCOT_Project_Migration_2026-07-29/Artifact_SHA256_Index_v5.md,7268,2026-07-29T12:41:44Z,md,obsolete,migration manifest status: SUPERSEDED,ARCHIVE,Artifact_SHA256_Index_v5.md,SUPERSEDED,PRIOR_HASH_MATCH,project_extracted_observed.sha256,2,YES,IMPORT_TO_ARCHIVE_ONLY,,
38842611c847ba5dc41281fb1a8ad3fb6f372c1b7e1000458401b04e8a8b9e62,/mnt/c/Users/fuent/Documents/ERCOT_Project_Migration_2026-07-29,Artifact_SHA256_Index_v6.md,/mnt/c/Users/fuent/Documents/ERCOT_Project_Migration_2026-07-29/Artifact_SHA256_Index_v6.md,6304,2026-07-29T12:41:44Z,md,obsolete,migration manifest status: SUPERSEDED,ARCHIVE,Artifact_SHA256_Index_v6.md,SUPERSEDED,PRIOR_HASH_MATCH,project_extracted_observed.sha256,2,YES,IMPORT_TO_ARCHIVE_ONLY,,
983452d3191c6c0bdfef16f461fdacd63f48104b285af2cd2608605e7cd9c3fc,/mnt/c/Users/fuent/Documents/ERCOT_Project_Migration_2026-07-29,Artifact_SHA256_Index_v7.md,/mnt/c/Users/fuent/Documents/ERCOT_Project_Migration_2026-07-29/Artifact_SHA256_Index_v7.md,7006,2026-07-29T12:41:38Z,md,manifest,migration manifest artifact_type: artifact index,SHARED,Artifact_SHA256_Index_v7.md,CONTROLLING,PRIOR_HASH_MATCH,project_extracted_observed.sha256,2,YES,PROPOSE_IMPORT,,
be8aa52687b24382c7f4bea12bcc0eb0a19f033e87058687d66ebcea9320ca6f,/mnt/c/Users/fuent/Documents/ERCOT_Project_Migration_2026-07-29,D11_Blocker_Memorandum_v1.md,/mnt/c/Users/fuent/Documents/ERCOT_Project_Migration_2026-07-29/D11_Blocker_Memorandum_v1.md,7561,2026-07-29T12:41:38Z,md,governing document,migration manifest artifact_type: memorandum,SHARED,D11_Blocker_Memorandum_v1.md,CONTROLLING (on D11),PRIOR_HASH_MATCH,project_extracted_observed.sha256,2,YES,PROPOSE_IMPORT,,
82b78cab88159f1127c6a4190154f1d340392a150ae1726898431e6caa2078b5,/mnt/c/Users/fuent/Documents/ERCOT_Project_Migration_2026-07-29,DR1_Reconciliation_Memorandum_v1.md,/mnt/c/Users/fuent/Documents/ERCOT_Project_Migration_2026-07-29/DR1_Reconciliation_Memorandum_v1.md,7658,2026-07-29T12:41:38Z,md,governing document,migration manifest artifact_type: memorandum,SHARED,DR1_Reconciliation_Memorandum_v1.md,ACTIVE,PRIOR_HASH_MATCH,project_extracted_observed.sha256,1,YES,PROPOSE_IMPORT,,
1b461bac3d2a6f1a99a1818db9df5ac6c075c4b4efb43e92bbfada860209577f,/mnt/c/Users/fuent/Documents/ERCOT_Project_Migration_2026-07-29,DRD_Package_Prepared_v1.md,/mnt/c/Users/fuent/Documents/ERCOT_Project_Migration_2026-07-29/DRD_Package_Prepared_v1.md,20866,2026-07-29T12:41:44Z,md,obsolete,migration manifest status: SUPERSEDED,ARCHIVE,DRD_Package_Prepared_v1.md,SUPERSEDED,PRIOR_HASH_MATCH,project_extracted_observed.sha256,2,YES,IMPORT_TO_ARCHIVE_ONLY,,
1ea0afed51135f16aa01552bd49539facecd1ec7732043248aefce7e4e6c440a,/mnt/c/Users/fuent/Documents/ERCOT_Project_Migration_2026-07-29,DRD_Package_Prepared_v2.md,/mnt/c/Users/fuent/Documents/ERCOT_Project_Migration_2026-07-29/DRD_Package_Prepared_v2.md,9118,2026-07-29T12:41:44Z,md,obsolete,migration manifest status: SUPERSEDED,ARCHIVE,DRD_Package_Prepared_v2.md,SUPERSEDED,PRIOR_HASH_MATCH,project_extracted_observed.sha256,2,YES,IMPORT_TO_ARCHIVE_ONLY,,
4bbd75c9bf58c8583c432477e51ebb143cbf7350728ce626eb5074d9a99f0042,/mnt/c/Users/fuent/Documents/ERCOT_Project_Migration_2026-07-29,DRD_Package_Prepared_v3.md,/mnt/c/Users/fuent/Documents/ERCOT_Project_Migration_2026-07-29/DRD_Package_Prepared_v3.md,9726,2026-07-29T12:41:44Z,md,obsolete,migration manifest status: SUPERSEDED,ARCHIVE,DRD_Package_Prepared_v3.md,SUPERSEDED,PRIOR_HASH_MATCH,project_extracted_observed.sha256,2,YES,IMPORT_TO_ARCHIVE_ONLY,,
57522b60530415a213fdcc3916b4373cac0d33c2be412bd1279fbbca484d9a00,/mnt/c/Users/fuent/Documents/ERCOT_Project_Migration_2026-07-29,DRD_Package_Prepared_v4.md,/mnt/c/Users/fuent/Documents/ERCOT_Project_Migration_2026-07-29/DRD_Package_Prepared_v4.md,10980,2026-07-29T12:41:44Z,md,obsolete,migration manifest status: SUPERSEDED,ARCHIVE,DRD_Package_Prepared_v4.md,SUPERSEDED,PRIOR_HASH_MATCH,project_extracted_observed.sha256,2,YES,IMPORT_TO_ARCHIVE_ONLY,,
b9641ad2ca330bfb41fcf58809ebc756aa53d9a6484cd9c60601cef582f842ac,/mnt/c/Users/fuent/Documents/ERCOT_Project_Migration_2026-07-29,DRD_Package_Prepared_v5.md,/mnt/c/Users/fuent/Documents/ERCOT_Project_Migration_2026-07-29/DRD_Package_Prepared_v5.md,10978,2026-07-29T12:41:38Z,md,governing document,migration manifest artifact_type: DRD package,SHARED,DRD_Package_Prepared_v5.md,"ACTIVE (PREPARED, PENDING RATIFICATION)",PRIOR_HASH_MATCH,project_extracted_observed.sha256,2,YES,PROPOSE_IMPORT,,
39f8cd2961adb99f985a548641a8822918a1d3538a9068d0c7bde4eda48ff826,/mnt/c/Users/fuent/Documents/ERCOT_Project_Migration_2026-07-29,ERCOT_Load_Quality_Report_v1.md,/mnt/c/Users/fuent/Documents/ERCOT_Project_Migration_2026-07-29/ERCOT_Load_Quality_Report_v1.md,7089,2026-07-29T12:41:38Z,md,governing document,migration manifest artifact_type: quality report,SHARED,ERCOT_Load_Quality_Report_v1.md,ACTIVE,PRIOR_HASH_MATCH,project_extracted_observed.sha256,3,YES,PROPOSE_IMPORT,,
9a7a35f2729896153a377905d6095c9ed55ce637ce9ea04ff6d68dea6646dbc5,/mnt/c/Users/fuent/Documents/ERCOT_Project_Migration_2026-07-29,Experiment_Freeze_Register_v1.md,/mnt/c/Users/fuent/Documents/ERCOT_Project_Migration_2026-07-29/Experiment_Freeze_Register_v1.md,10000,2026-07-29T12:41:38Z,md,governing document,migration manifest artifact_type: governance,SHARED,Experiment_Freeze_Register_v1.md,CONTROLLING,PRIOR_HASH_MATCH,project_extracted_observed.sha256,3,YES,PROPOSE_IMPORT,,
137de32e8bbe426ef5531d5f5b1666a1267cd8da2fbb36dc138bbe0a621c2b6a,/mnt/c/Users/fuent/Documents/ERCOT_Project_Migration_2026-07-29,MR1b_Findings_Table.md,/mnt/c/Users/fuent/Documents/ERCOT_Project_Migration_2026-07-29/MR1b_Findings_Table.md,6468,2026-07-29T12:41:38Z,md,governing document,migration manifest artifact_type: findings table,SHARED,MR1b_Findings_Table.md,ACTIVE,PRIOR_HASH_MATCH,project_extracted_observed.sha256,3,YES,PROPOSE_IMPORT,,
460f9d22c5dae155fdf658c768de008f6c587dc6df63cee37fd9490b0ac87b1e,/mnt/c/Users/fuent/Documents/ERCOT_Project_Migration_2026-07-29,Mentor_Context___John_Brewer__NETL_.md,/mnt/c/Users/fuent/Documents/ERCOT_Project_Migration_2026-07-29/Mentor_Context___John_Brewer__NETL_.md,5496,2026-07-29T12:41:38Z,md,governing document,migration manifest artifact_type: context,SHARED,Mentor_Context___John_Brewer__NETL_.md,ACTIVE,PRIOR_HASH_MATCH,project_extracted_observed.sha256,1,YES,PROPOSE_IMPORT,,
eae305db03b8b9e1292d9be07feb85d30a49fef145e6957198da6f3287093bdf,/mnt/c/Users/fuent/Documents/ERCOT_Project_Migration_2026-07-29,Mentor_Decision_Sheet_v1.md,/mnt/c/Users/fuent/Documents/ERCOT_Project_Migration_2026-07-29/Mentor_Decision_Sheet_v1.md,5883,2026-07-29T12:41:46Z,md,obsolete,migration manifest status: SUPERSEDED,ARCHIVE,Mentor_Decision_Sheet_v1.md,SUPERSEDED,PRIOR_HASH_MATCH,project_extracted_observed.sha256,2,YES,IMPORT_TO_ARCHIVE_ONLY,,
1ffd41fc658c7d69fdbdbf1692315ad47d6ac9f4c84a888d1bea455857469bc9,/mnt/c/Users/fuent/Documents/ERCOT_Project_Migration_2026-07-29,Mentor_Decision_Sheet_v2.md,/mnt/c/Users/fuent/Documents/ERCOT_Project_Migration_2026-07-29/Mentor_Decision_Sheet_v2.md,5870,2026-07-29T12:41:46Z,md,obsolete,migration manifest status: SUPERSEDED,ARCHIVE,Mentor_Decision_Sheet_v2.md,SUPERSEDED,PRIOR_HASH_MATCH,project_extracted_observed.sha256,2,YES,IMPORT_TO_ARCHIVE_ONLY,,
fb29e77952c3b846bbd3edfffd934c4f749fb1d8ea26f8331e8fffb0f5792e77,/mnt/c/Users/fuent/Documents/ERCOT_Project_Migration_2026-07-29,Mentor_Decision_Sheet_v3.md,/mnt/c/Users/fuent/Documents/ERCOT_Project_Migration_2026-07-29/Mentor_Decision_Sheet_v3.md,7017,2026-07-29T12:41:46Z,md,obsolete,migration manifest status: SUPERSEDED,ARCHIVE,Mentor_Decision_Sheet_v3.md,SUPERSEDED,PRIOR_HASH_MATCH,project_extracted_observed.sha256,2,YES,IMPORT_TO_ARCHIVE_ONLY,,
8e48ab6779ed1502ad9d520c2a47b5971f20d07ad39fa6c46c8a465a896949ea,/mnt/c/Users/fuent/Documents/ERCOT_Project_Migration_2026-07-29,Mentor_Decision_Sheet_v4.md,/mnt/c/Users/fuent/Documents/ERCOT_Project_Migration_2026-07-29/Mentor_Decision_Sheet_v4.md,10193,2026-07-29T12:41:46Z,md,obsolete,migration manifest status: SUPERSEDED,ARCHIVE,Mentor_Decision_Sheet_v4.md,SUPERSEDED,PRIOR_HASH_MATCH,project_extracted_observed.sha256,3,YES,IMPORT_TO_ARCHIVE_ONLY,,
7b4a53b6df14891b656b6ede2aaf842c3832781c5c1fea0c3590160eae73ce3d,/mnt/c/Users/fuent/Documents/ERCOT_Project_Migration_2026-07-29,Mentor_Decision_Sheet_v5.md,/mnt/c/Users/fuent/Documents/ERCOT_Project_Migration_2026-07-29/Mentor_Decision_Sheet_v5.md,10113,2026-07-29T12:41:38Z,md,governing document,migration manifest artifact_type: decision sheet,SHARED,Mentor_Decision_Sheet_v5.md,ACTIVE,PRIOR_HASH_MATCH,project_extracted_observed.sha256,2,YES,PROPOSE_IMPORT,,
0780c4da8d43b7dfd1680f6d273d7796d2de4d1339f16cf27b374e2a98cfe67a,/mnt/c/Users/fuent/Documents/ERCOT_Project_Migration_2026-07-29,Milestone1_Decision_Record_DR1.md,/mnt/c/Users/fuent/Documents/ERCOT_Project_Migration_2026-07-29/Milestone1_Decision_Record_DR1.md,11927,2026-07-29T12:41:38Z,md,governing document,migration manifest artifact_type: decision record,SHARED,Milestone1_Decision_Record_DR1.md,CONTROLLING,PRIOR_HASH_MATCH,project_extracted_observed.sha256,2,YES,PROPOSE_IMPORT,,same-name different-content conflict exists; see report section 12
7b6e20784ec095ba2c9358f94033900cfb686f3cb3ba0b1ce0d2817b7dd77793,/mnt/c/Users/fuent/Documents/ERCOT_Project_Migration_2026-07-29,Milestone1_Research_Specification_v0_1.md,/mnt/c/Users/fuent/Documents/ERCOT_Project_Migration_2026-07-29/Milestone1_Research_Specification_v0_1.md,21088,2026-07-29T12:41:38Z,md,governing document,migration manifest artifact_type: specification,SHARED,Milestone1_Research_Specification_v0_1.md,CONTROLLING (with DR-1),PRIOR_HASH_MATCH,project_extracted_observed.sha256,2,YES,PROPOSE_IMPORT,,
3bf7399f205b43676ac51cd041b168228cbf8d9321ecd00fe772486a6aaf5cf0,/mnt/c/Users/fuent/Documents/ERCOT_Project_Migration_2026-07-29,Missing_or_Unrecoverable_Artifacts_v1.md,/mnt/c/Users/fuent/Documents/ERCOT_Project_Migration_2026-07-29/Missing_or_Unrecoverable_Artifacts_v1.md,7190,2026-07-29T08:51:49Z,md,manifest,hash index / retrieval manifest / provenance ledger,UNASSIGNED,,,PRIOR_HASH_MATCH,migration_documents.sha256; project_extracted_observed.sha256,1,YES,PROPOSE_IMPORT,,
5437192997cedcab26fd43dc356553f2c057b6474f68f8bbae18a633cf46416c,/mnt/c/Users/fuent/Documents/ERCOT_Project_Migration_2026-07-29,NETL_SULI_Internship_Project_Desc.md,/mnt/c/Users/fuent/Documents/ERCOT_Project_Migration_2026-07-29/NETL_SULI_Internship_Project_Desc.md,6718,2026-07-29T12:41:38Z,md,governing document,migration manifest artifact_type: context,SHARED,NETL_SULI_Internship_Project_Desc.md,ACTIVE,PRIOR_HASH_MATCH,project_extracted_observed.sha256,1,YES,PROPOSE_IMPORT,,
9ba791c4f861a334f85e047daebf862fa73100632f636d61cfdda7489235011b,/mnt/c/Users/fuent/Documents/ERCOT_Project_Migration_2026-07-29,Phase1_Audit_Log_Entry10.md,/mnt/c/Users/fuent/Documents/ERCOT_Project_Migration_2026-07-29/Phase1_Audit_Log_Entry10.md,9605,2026-07-29T12:41:38Z,md,obsolete,migration manifest status: HISTORICAL,SHARED,Phase1_Audit_Log_Entry10.md,HISTORICAL,PRIOR_HASH_MATCH,project_extracted_observed.sha256,3,YES,IMPORT_TO_ARCHIVE_ONLY,,
d248f27052abcc50ae58a3f772146cbf900c726373b4e11f229889df492fa5ae,/mnt/c/Users/fuent/Documents/ERCOT_Project_Migration_2026-07-29,Phase1_Audit_Log_Entry11.md,/mnt/c/Users/fuent/Documents/ERCOT_Project_Migration_2026-07-29/Phase1_Audit_Log_Entry11.md,7333,2026-07-29T12:41:38Z,md,obsolete,migration manifest status: HISTORICAL,SHARED,Phase1_Audit_Log_Entry11.md,HISTORICAL,PRIOR_HASH_MATCH,project_extracted_observed.sha256,2,YES,IMPORT_TO_ARCHIVE_ONLY,,
db76d1504342e46a17af9c29ce43c1b5f57a3bf7212192172ef35e398b5e24fd,/mnt/c/Users/fuent/Documents/ERCOT_Project_Migration_2026-07-29,Phase1_Audit_Log_Entry12.md,/mnt/c/Users/fuent/Documents/ERCOT_Project_Migration_2026-07-29/Phase1_Audit_Log_Entry12.md,8459,2026-07-29T12:41:38Z,md,obsolete,migration manifest status: HISTORICAL,SHARED,Phase1_Audit_Log_Entry12.md,HISTORICAL,PRIOR_HASH_MATCH,project_extracted_observed.sha256,2,YES,IMPORT_TO_ARCHIVE_ONLY,,
6f4b91f664ade77e146e22082e6b25f3907dac5023a60c7df6efd7de96c01db7,/mnt/c/Users/fuent/Documents/ERCOT_Project_Migration_2026-07-29,Phase1_Audit_Log_Entry13.md,/mnt/c/Users/fuent/Documents/ERCOT_Project_Migration_2026-07-29/Phase1_Audit_Log_Entry13.md,6798,2026-07-29T12:41:38Z,md,obsolete,migration manifest status: HISTORICAL,SHARED,Phase1_Audit_Log_Entry13.md,HISTORICAL,PRIOR_HASH_MATCH,project_extracted_observed.sha256,2,YES,IMPORT_TO_ARCHIVE_ONLY,,
bd0fd7c6a00a70b59739eb09cbac021c5608e17731a531a991039f7959bb0a49,/mnt/c/Users/fuent/Documents/ERCOT_Project_Migration_2026-07-29,Phase1_Audit_Log_Entry14.md,/mnt/c/Users/fuent/Documents/ERCOT_Project_Migration_2026-07-29/Phase1_Audit_Log_Entry14.md,8109,2026-07-29T12:41:38Z,md,obsolete,migration manifest status: HISTORICAL,SHARED,Phase1_Audit_Log_Entry14.md,HISTORICAL,PRIOR_HASH_MATCH,project_extracted_observed.sha256,2,YES,IMPORT_TO_ARCHIVE_ONLY,,
a1391e330341ce89f1b0ea4f8f06814a7d1983b0e42fe7866de13cb669833bf5,/mnt/c/Users/fuent/Documents/ERCOT_Project_Migration_2026-07-29,Phase1_Audit_Log_Entry15.md,/mnt/c/Users/fuent/Documents/ERCOT_Project_Migration_2026-07-29/Phase1_Audit_Log_Entry15.md,6433,2026-07-29T12:41:38Z,md,governing document,migration manifest artifact_type: audit log,SHARED,Phase1_Audit_Log_Entry15.md,CONTROLLING (latest),PRIOR_HASH_MATCH,project_extracted_observed.sha256,2,YES,PROPOSE_IMPORT,,
dac0f9f93da285d12695b788fa3405298eed55ce7910efafcb42f3a71f7aa734,/mnt/c/Users/fuent/Documents/ERCOT_Project_Migration_2026-07-29,Phase1_Audit_Log_Entry9.md,/mnt/c/Users/fuent/Documents/ERCOT_Project_Migration_2026-07-29/Phase1_Audit_Log_Entry9.md,5562,2026-07-29T12:41:38Z,md,obsolete,migration manifest status: HISTORICAL,SHARED,Phase1_Audit_Log_Entry9.md,HISTORICAL,PRIOR_HASH_MATCH,project_extracted_observed.sha256,3,YES,IMPORT_TO_ARCHIVE_ONLY,,
f75803dc3f7e3ea618688cb71e3f5091ba1a7fb0cba97a741c1ff7d08c0b1f03,/mnt/c/Users/fuent/Documents/ERCOT_Project_Migration_2026-07-29,Phase1_to_DRD_Handoff_v1.md,/mnt/c/Users/fuent/Documents/ERCOT_Project_Migration_2026-07-29/Phase1_to_DRD_Handoff_v1.md,22907,2026-07-29T12:41:38Z,md,governing document,migration manifest artifact_type: handoff,SHARED,Phase1_to_DRD_Handoff_v1.md,CONTROLLING,PRIOR_HASH_MATCH,project_extracted_observed.sha256,3,YES,PROPOSE_IMPORT,,
ddaf385f7b95f88244141619a485d43620618fd16ef03ae1b46896da4f60c517,/mnt/c/Users/fuent/Documents/ERCOT_Project_Migration_2026-07-29,Project_Migration_Manifest_v1.csv,/mnt/c/Users/fuent/Documents/ERCOT_Project_Migration_2026-07-29/Project_Migration_Manifest_v1.csv,17562,2026-07-29T08:51:48Z,csv,manifest,hash index / retrieval manifest / provenance ledger,UNASSIGNED,,,PRIOR_HASH_MATCH,migration_documents.sha256; project_extracted_observed.sha256,1,YES,PROPOSE_IMPORT,,
d36f7774a5cffd33087e5871856f3ef1f8c26da5648d056ff997ea460b747fcc,/mnt/c/Users/fuent/Documents/ERCOT_Project_Migration_2026-07-29,Project_Migration_Manifest_v1.md,/mnt/c/Users/fuent/Documents/ERCOT_Project_Migration_2026-07-29/Project_Migration_Manifest_v1.md,8530,2026-07-29T08:51:47Z,md,manifest,hash index / retrieval manifest / provenance ledger,UNASSIGNED,,,PRIOR_HASH_MATCH,migration_documents.sha256; project_extracted_observed.sha256,1,YES,PROPOSE_IMPORT,,
5b86633297a673468e63592db4062e731f69174a260782d7674588fb14172270,/mnt/c/Users/fuent/Documents/ERCOT_Project_Migration_2026-07-29,V7_DL1_Correction_Record_v1.md,/mnt/c/Users/fuent/Documents/ERCOT_Project_Migration_2026-07-29/V7_DL1_Correction_Record_v1.md,7453,2026-07-29T12:41:38Z,md,governing document,migration manifest artifact_type: correction record,SHARED,V7_DL1_Correction_Record_v1.md,ACTIVE,PRIOR_HASH_MATCH,project_extracted_observed.sha256,1,YES,PROPOSE_IMPORT,,
88af8ca5200614fc1adab8cf53f4d84c24a4699c8843c489821f9bf1168ae1d4,/mnt/c/Users/fuent/Documents/ERCOT_Project_Migration_2026-07-29,_original_archives/migration_historical_archive.zip,/mnt/c/Users/fuent/Documents/ERCOT_Project_Migration_2026-07-29/_original_archives/migration_historical_archive.zip,134330,2026-07-29T09:06:01Z,zip,provenance archive,migration provenance package under _original_archives,UNASSIGNED,,,PRIOR_HASH_MATCH,original_archives.sha256,1,YES,IMPORT_AS_PROVENANCE_REFERENCE,,
d227b97222b3ba5ed44e2425e0337fe857ea8d33884f68020c8a1d993642d1ca,/mnt/c/Users/fuent/Documents/ERCOT_Project_Migration_2026-07-29,_original_archives/migration_runtime_data.zip,/mnt/c/Users/fuent/Documents/ERCOT_Project_Migration_2026-07-29/_original_archives/migration_runtime_data.zip,40954088,2026-07-29T09:06:02Z,zip,provenance archive,migration provenance package under _original_archives,UNASSIGNED,,,PRIOR_HASH_MATCH,original_archives.sha256,1,YES,IMPORT_AS_PROVENANCE_REFERENCE,,
7acbdeda2fb4773a647d5819bb51a503f32bbbff8d1a006940a79c5bff55c906,/mnt/c/Users/fuent/Documents/ERCOT_Project_Migration_2026-07-29,_original_archives/migration_shared_governance.zip,/mnt/c/Users/fuent/Documents/ERCOT_Project_Migration_2026-07-29/_original_archives/migration_shared_governance.zip,95526,2026-07-29T09:06:02Z,zip,provenance archive,migration provenance package under _original_archives,UNASSIGNED,,,PRIOR_HASH_MATCH,original_archives.sha256,1,YES,IMPORT_AS_PROVENANCE_REFERENCE,,
de48453557c78e436b5417f832c009ff10cb522c77cf993108bd6b59bb1a8aef,/mnt/c/Users/fuent/Documents/ERCOT_Project_Migration_2026-07-29,_original_archives/migration_source_code.zip,/mnt/c/Users/fuent/Documents/ERCOT_Project_Migration_2026-07-29/_original_archives/migration_source_code.zip,11135,2026-07-29T09:06:02Z,zip,provenance archive,migration provenance package under _original_archives,UNASSIGNED,,,PRIOR_HASH_MATCH,original_archives.sha256,1,YES,IMPORT_AS_PROVENANCE_REFERENCE,,
272af17cd1b2df14b921756738c6625b22c7702a6d14139886c3ff32728689eb,/mnt/c/Users/fuent/Documents/ERCOT_Project_Migration_2026-07-29,ercot_hourly_load_harmonized.csv,/mnt/c/Users/fuent/Documents/ERCOT_Project_Migration_2026-07-29/ercot_hourly_load_harmonized.csv,54688032,2026-07-29T12:41:42Z,csv,derived data,migration manifest artifact_type: runtime data,SHARED,ercot_hourly_load_harmonized.csv,CONTROLLING,PRIOR_HASH_MATCH,project_extracted_observed.sha256,2,YES,PROPOSE_IMPORT,,same-name different-content conflict exists; see report section 12
f119ba35f2c4fc1c931c21c03a82f7fd198384fc32fac2f665071fc0883dfe5a,/mnt/c/Users/fuent/Documents/ERCOT_Project_Migration_2026-07-29,event_inventory_headline.csv,/mnt/c/Users/fuent/Documents/ERCOT_Project_Migration_2026-07-29/event_inventory_headline.csv,2269,2026-07-29T12:41:42Z,csv,control artifact,migration manifest artifact_type: frozen inventory,SHARED,event_inventory_headline.csv,CONTROLLING,PRIOR_HASH_MATCH,project_extracted_observed.sha256,3,YES,PROPOSE_IMPORT,IB-1 authoritative event inventory not uniquely ratified; IB-3 timezone/issuance conventions unresolved,
b84d0bf12e6fafca281ca6c550946fa7fe627e6a09c71abf55aa74262b400331,/mnt/c/Users/fuent/Documents/ERCOT_Project_Migration_2026-07-29,gate_arithmetic.csv,/mnt/c/Users/fuent/Documents/ERCOT_Project_Migration_2026-07-29/gate_arithmetic.csv,152,2026-07-29T12:41:42Z,csv,result artifact,migration manifest artifact_type: frozen result,SHARED,gate_arithmetic.csv,CONTROLLING,PRIOR_HASH_MATCH,project_extracted_observed.sha256,2,YES,PROPOSE_IMPORT,,
3b5bb5c3bda25450f76626911e20ebb067e2885cdd3cbe960a578a522f12e139,/mnt/c/Users/fuent/Documents/ERCOT_Project_Migration_2026-07-29,ghcnh_hourly_station_qcfiltered.parquet,/mnt/c/Users/fuent/Documents/ERCOT_Project_Migration_2026-07-29/ghcnh_hourly_station_qcfiltered.parquet,21586915,2026-07-29T12:41:42Z,parquet,derived data,migration manifest artifact_type: runtime data,SHARED,ghcnh_hourly_station_qcfiltered.parquet,CONTROLLING,PRIOR_HASH_MATCH,project_extracted_observed.sha256,3,YES,PROPOSE_IMPORT,,
3c8356f9e002995dd29c959c28ef789e9a0d3dc7e82c2f83ea49a61059bf1468,/mnt/c/Users/fuent/Documents/ERCOT_Project_Migration_2026-07-29,noise_floor_simulation.py,/mnt/c/Users/fuent/Documents/ERCOT_Project_Migration_2026-07-29/noise_floor_simulation.py,7069,2026-07-29T12:41:44Z,py,source code,migration manifest artifact_type: source code,SHARED,noise_floor_simulation.py,PROVISIONAL (synthetic pre-study),PRIOR_HASH_MATCH,project_extracted_observed.sha256,2,YES,PROPOSE_IMPORT,,
5520392bb0972c50288dc3b724713acfa815bb5ff75f0812035c969b97b25c89,/mnt/c/Users/fuent/Documents/ERCOT_Project_Migration_2026-07-29,operational_benchmark_erco.csv,/mnt/c/Users/fuent/Documents/ERCOT_Project_Migration_2026-07-29/operational_benchmark_erco.csv,5552162,2026-07-29T12:41:42Z,csv,derived data,migration manifest artifact_type: runtime data,SHARED,operational_benchmark_erco.csv,CONTROLLING,PRIOR_HASH_MATCH,project_extracted_observed.sha256,2,YES,PROPOSE_IMPORT,,
2c88358be5390a3a9028c83a789c04d3135082b9ffd4236c8f66e2007cf8f788,/mnt/c/Users/fuent/Documents/ERCOT_Project_Migration_2026-07-29,regional_index.parquet,/mnt/c/Users/fuent/Documents/ERCOT_Project_Migration_2026-07-29/regional_index.parquet,7019745,2026-07-29T12:41:42Z,parquet,derived data,migration manifest artifact_type: runtime data,SHARED,regional_index.parquet,CONTROLLING,PRIOR_HASH_MATCH,project_extracted_observed.sha256,2,YES,PROPOSE_IMPORT,,
d1aa11ba82df402e8173639197287d40d78cce81a66534ed9be8688ac7c528bb,/mnt/c/Users/fuent/Documents/ERCOT_Project_Migration_2026-07-29,v7_build_censoring_v1.py,/mnt/c/Users/fuent/Documents/ERCOT_Project_Migration_2026-07-29/v7_build_censoring_v1.py,17118,2026-07-29T12:41:46Z,py,obsolete,migration manifest status: SUPERSEDED,ARCHIVE,v7_build_censoring_v1.py,SUPERSEDED,PRIOR_HASH_MATCH,project_extracted_observed.sha256,2,YES,IMPORT_TO_ARCHIVE_ONLY,,
588cb9252726fbd3e891436009075d48895a2d70a35130a3c386ec15fc84a851,/mnt/c/Users/fuent/Documents/ERCOT_Project_Migration_2026-07-29,v7_build_censoring_v2.py,/mnt/c/Users/fuent/Documents/ERCOT_Project_Migration_2026-07-29/v7_build_censoring_v2.py,17527,2026-07-29T12:41:46Z,py,obsolete,migration manifest status: SUPERSEDED,ARCHIVE,v7_build_censoring_v2.py,SUPERSEDED,PRIOR_HASH_MATCH,project_extracted_observed.sha256,2,YES,IMPORT_TO_ARCHIVE_ONLY,,
c07898bc8b5d24f6049e1234d1cb1123cea0aaca858544790496e86e8e7e0582,/mnt/c/Users/fuent/Documents/ERCOT_Project_Migration_2026-07-29,v7_build_censoring_v3.py,/mnt/c/Users/fuent/Documents/ERCOT_Project_Migration_2026-07-29/v7_build_censoring_v3.py,17658,2026-07-29T12:41:44Z,py,source code,migration manifest artifact_type: source code,SHARED,v7_build_censoring_v3.py,CONTROLLING,PRIOR_HASH_MATCH,project_extracted_observed.sha256,2,YES,PROPOSE_IMPORT,,
60dc377c113a3532305d597e2892b4b090bd581d2536587678629199f97d97b2,/mnt/c/Users/fuent/Documents/ERCOT_Project_Migration_2026-07-29,v7_censoring_mapping_rule_v1.md,/mnt/c/Users/fuent/Documents/ERCOT_Project_Migration_2026-07-29/v7_censoring_mapping_rule_v1.md,13241,2026-07-29T12:41:46Z,md,obsolete,migration manifest status: SUPERSEDED,ARCHIVE,v7_censoring_mapping_rule_v1.md,SUPERSEDED,PRIOR_HASH_MATCH,project_extracted_observed.sha256,3,YES,IMPORT_TO_ARCHIVE_ONLY,,
f1aefc7155426521d51efb6b5f8a96b20c858a4c4c44016827f91b170d7919ae,/mnt/c/Users/fuent/Documents/ERCOT_Project_Migration_2026-07-29,v7_censoring_mapping_rule_v2.md,/mnt/c/Users/fuent/Documents/ERCOT_Project_Migration_2026-07-29/v7_censoring_mapping_rule_v2.md,10391,2026-07-29T12:41:46Z,md,obsolete,migration manifest status: SUPERSEDED,ARCHIVE,v7_censoring_mapping_rule_v2.md,SUPERSEDED,PRIOR_HASH_MATCH,project_extracted_observed.sha256,2,YES,IMPORT_TO_ARCHIVE_ONLY,,
2984b7993c3903c789dc8035d404b6133ca3e5a7d8e9f9e22ca9981478712f9a,/mnt/c/Users/fuent/Documents/ERCOT_Project_Migration_2026-07-29,v7_censoring_mapping_rule_v3.md,/mnt/c/Users/fuent/Documents/ERCOT_Project_Migration_2026-07-29/v7_censoring_mapping_rule_v3.md,8068,2026-07-29T12:41:38Z,md,control artifact,migration manifest artifact_type: censoring rule,SHARED,v7_censoring_mapping_rule_v3.md,CONTROLLING,PRIOR_HASH_MATCH,project_extracted_observed.sha256,2,YES,PROPOSE_IMPORT,,
40db1b32075341eb2ac37946fcacc2b30fdfa3335e983623d67ca5c65bb92271,/mnt/c/Users/fuent/Documents/ERCOT_Project_Migration_2026-07-29,v7_censoring_windows_v1.csv,/mnt/c/Users/fuent/Documents/ERCOT_Project_Migration_2026-07-29/v7_censoring_windows_v1.csv,1841,2026-07-29T12:41:46Z,csv,obsolete,migration manifest status: SUPERSEDED,ARCHIVE,v7_censoring_windows_v1.csv,SUPERSEDED,PRIOR_HASH_MATCH,project_extracted_observed.sha256,2,YES,IMPORT_TO_ARCHIVE_ONLY,,
8d313f2e1fe71aff1b3c1f39ba3314763da821880817da38a825dac160a1f75d,/mnt/c/Users/fuent/Documents/ERCOT_Project_Migration_2026-07-29,v7_censoring_windows_v2.csv,/mnt/c/Users/fuent/Documents/ERCOT_Project_Migration_2026-07-29/v7_censoring_windows_v2.csv,3664,2026-07-29T12:41:46Z,csv,obsolete,migration manifest status: SUPERSEDED,ARCHIVE,v7_censoring_windows_v2.csv,SUPERSEDED,PRIOR_HASH_MATCH,project_extracted_observed.sha256,2,YES,IMPORT_TO_ARCHIVE_ONLY,,
bc51b7c53b58a7a7a7aff2fb4c1a572307dcc03aa4e692571363ad6f44f99af7,/mnt/c/Users/fuent/Documents/ERCOT_Project_Migration_2026-07-29,v7_censoring_windows_v3.csv,/mnt/c/Users/fuent/Documents/ERCOT_Project_Migration_2026-07-29/v7_censoring_windows_v3.csv,4227,2026-07-29T12:41:44Z,csv,control artifact,migration manifest artifact_type: censoring registry,SHARED,v7_censoring_windows_v3.csv,CONTROLLING,PRIOR_HASH_MATCH,project_extracted_observed.sha256,2,YES,PROPOSE_IMPORT,,
c36a9f7f9e6f4b641ed4635678b63f3215aeb0a7f6a44260538a8d2955d88514,/mnt/c/Users/fuent/Documents/ERCOT_Project_Migration_2026-07-29,v7_demand_censored_v1.csv,/mnt/c/Users/fuent/Documents/ERCOT_Project_Migration_2026-07-29/v7_demand_censored_v1.csv,655343,2026-07-29T12:41:46Z,csv,obsolete,migration manifest status: SUPERSEDED,ARCHIVE,v7_demand_censored_v1.csv,SUPERSEDED,PRIOR_HASH_MATCH,project_extracted_observed.sha256,2,YES,IMPORT_TO_ARCHIVE_ONLY,,
85d46a5f5d714928fa715544bcd3faaa9da561208d321f9a5ea7d59f27bf88ad,/mnt/c/Users/fuent/Documents/ERCOT_Project_Migration_2026-07-29,v7_demand_censored_v2.csv,/mnt/c/Users/fuent/Documents/ERCOT_Project_Migration_2026-07-29/v7_demand_censored_v2.csv,679951,2026-07-29T12:41:46Z,csv,obsolete,migration manifest status: SUPERSEDED,ARCHIVE,v7_demand_censored_v2.csv,SUPERSEDED,PRIOR_HASH_MATCH,project_extracted_observed.sha256,2,YES,IMPORT_TO_ARCHIVE_ONLY,,
3e7bd358d7bb39527c367f1070b958fe2715397abd54b8275cfca30474077406,/mnt/c/Users/fuent/Documents/ERCOT_Project_Migration_2026-07-29,v7_demand_censored_v3.csv,/mnt/c/Users/fuent/Documents/ERCOT_Project_Migration_2026-07-29/v7_demand_censored_v3.csv,686731,2026-07-29T12:41:42Z,csv,derived data,migration manifest artifact_type: censoring artifact,SHARED,v7_demand_censored_v3.csv,CONTROLLING,PRIOR_HASH_MATCH,project_extracted_observed.sha256,2,YES,PROPOSE_IMPORT,,
0cb184e38a244b8e7478f3ed1acb366ef9fc60593fd925b226d08ec148d51136,/mnt/c/Users/fuent/Documents/ERCOT_Project_Migration_2026-07-29,verify_e08.py,/mnt/c/Users/fuent/Documents/ERCOT_Project_Migration_2026-07-29/verify_e08.py,3895,2026-07-29T12:41:44Z,py,source code,migration manifest artifact_type: source code,SHARED,verify_e08.py,PROVISIONAL (never issued under DL-1),PRIOR_HASH_MATCH,project_extracted_observed.sha256,1,YES,PROPOSE_IMPORT,,
dee723a72260b88fb7ca6618da04f4f6146e7c8715c3e9755a0e29a61e60b241,/mnt/c/Users/fuent/Documents/ERCOT_Project_Migration_2026-07-29,zone_weights.json,/mnt/c/Users/fuent/Documents/ERCOT_Project_Migration_2026-07-29/zone_weights.json,260,2026-07-29T12:41:42Z,json,control artifact,migration manifest artifact_type: frozen parameter,SHARED,zone_weights.json,AWAITING RATIFICATION,PRIOR_HASH_MATCH,project_extracted_observed.sha256,2,YES,PROPOSE_IMPORT,IB-4 AWAITING RATIFICATION (W1 weighting vector),
c0aad42d4418b2341ed4b66d277dff8913afc77b16d71eb7eb95e59853ebd403,/mnt/c/Users/fuent/OneDrive/Documents/MR1a,2002_ercot_hourly_load_data.xls,/mnt/c/Users/fuent/OneDrive/Documents/MR1a/2002_ercot_hourly_load_data.xls,1799680,2026-07-28T08:28:13Z,xls,source data,raw retrieved source file or retrieval bundle,UNASSIGNED,,,PRIOR_HASH_MATCH,OneDrive/Documents/MR1a/hashes.csv,1,YES,REFERENCE_IN_PLACE_DO_NOT_COPY,,
8db2d51ae30acbbddebd8409e1c8ac5c0ed53a271c60cdc3905ea30f4823bd8d,/mnt/c/Users/fuent/OneDrive/Documents/MR1a,2003_ercot_hourly_load_data.xls,/mnt/c/Users/fuent/OneDrive/Documents/MR1a/2003_ercot_hourly_load_data.xls,1799680,2026-07-28T08:28:07Z,xls,source data,raw retrieved source file or retrieval bundle,UNASSIGNED,,,PRIOR_HASH_MATCH,OneDrive/Documents/MR1a/hashes.csv,1,YES,REFERENCE_IN_PLACE_DO_NOT_COPY,,
aa3f4f0bb0255452a2dd8aa2af0e1925160054674a590e502b1f4b706c97b2ce,/mnt/c/Users/fuent/OneDrive/Documents/MR1a,2004_ercot_hourly_load_data.xls,/mnt/c/Users/fuent/OneDrive/Documents/MR1a/2004_ercot_hourly_load_data.xls,1804288,2026-07-28T08:28:02Z,xls,source data,raw retrieved source file or retrieval bundle,UNASSIGNED,,,PRIOR_HASH_MATCH,OneDrive/Documents/MR1a/hashes.csv,1,YES,REFERENCE_IN_PLACE_DO_NOT_COPY,,
82bd7d426592de3386e0bba7cc8383dd63c9dce0893b253577d3c6a65427898c,/mnt/c/Users/fuent/OneDrive/Documents/MR1a,2005_ercot_hourly_load_data.xls,/mnt/c/Users/fuent/OneDrive/Documents/MR1a/2005_ercot_hourly_load_data.xls,1799680,2026-07-28T08:27:47Z,xls,source data,raw retrieved source file or retrieval bundle,UNASSIGNED,,,PRIOR_HASH_MATCH,OneDrive/Documents/MR1a/hashes.csv,1,YES,REFERENCE_IN_PLACE_DO_NOT_COPY,,
f8ce4d21738105ee930e0fe8dc51b0d4d28b8e9fb839bc2a9127f08e064a3fee,/mnt/c/Users/fuent/OneDrive/Documents/MR1a,2006_ercot_hourly_load_data.xls,/mnt/c/Users/fuent/OneDrive/Documents/MR1a/2006_ercot_hourly_load_data.xls,1799680,2026-07-28T08:27:42Z,xls,source data,raw retrieved source file or retrieval bundle,UNASSIGNED,,,PRIOR_HASH_MATCH,OneDrive/Documents/MR1a/hashes.csv,1,YES,REFERENCE_IN_PLACE_DO_NOT_COPY,,
56b5697005446df62334dea97aef3753ab2f7019ad1f4cd21bbcce87fd0e2fc9,/mnt/c/Users/fuent/OneDrive/Documents/MR1a,2007_ercot_hourly_load_data.xls,/mnt/c/Users/fuent/OneDrive/Documents/MR1a/2007_ercot_hourly_load_data.xls,1799680,2026-07-28T08:27:34Z,xls,source data,raw retrieved source file or retrieval bundle,UNASSIGNED,,,PRIOR_HASH_MATCH,OneDrive/Documents/MR1a/hashes.csv,1,YES,REFERENCE_IN_PLACE_DO_NOT_COPY,,
ed0269f32cec9e32e48a104c5d0840b75e250696b9bd3f938b2c35e48bb7fb79,/mnt/c/Users/fuent/OneDrive/Documents/MR1a,2008_ercot_hourly_load_data.xls,/mnt/c/Users/fuent/OneDrive/Documents/MR1a/2008_ercot_hourly_load_data.xls,1804288,2026-07-28T08:27:29Z,xls,source data,raw retrieved source file or retrieval bundle,UNASSIGNED,,,PRIOR_HASH_MATCH,OneDrive/Documents/MR1a/hashes.csv,1,YES,REFERENCE_IN_PLACE_DO_NOT_COPY,,
2680fbf227bedc1adf9ee3501d1d1d2415a596d9d6e3fd78c87458244a443ad1,/mnt/c/Users/fuent/OneDrive/Documents/MR1a,2009_ercot_hourly_load_data.xls,/mnt/c/Users/fuent/OneDrive/Documents/MR1a/2009_ercot_hourly_load_data.xls,1799680,2026-07-28T08:27:23Z,xls,source data,raw retrieved source file or retrieval bundle,UNASSIGNED,,,PRIOR_HASH_MATCH,OneDrive/Documents/MR1a/hashes.csv,1,YES,REFERENCE_IN_PLACE_DO_NOT_COPY,,
b7f4cacc203ac1e8416a06c0f6ad47a584412c2d4d4ff3b52462147393ccde81,/mnt/c/Users/fuent/OneDrive/Documents/MR1a,2010_ercot_hourly_load_data.xls,/mnt/c/Users/fuent/OneDrive/Documents/MR1a/2010_ercot_hourly_load_data.xls,1799680,2026-07-28T08:27:16Z,xls,source data,raw retrieved source file or retrieval bundle,UNASSIGNED,,,PRIOR_HASH_MATCH,OneDrive/Documents/MR1a/hashes.csv,1,YES,REFERENCE_IN_PLACE_DO_NOT_COPY,,
ee695df2ef4cd3dc4204e183413a96287ff4d6b8dbb167be110c51ae7d761d8d,/mnt/c/Users/fuent/OneDrive/Documents/MR1a,2011_ercot_hourly_load_data.xls,/mnt/c/Users/fuent/OneDrive/Documents/MR1a/2011_ercot_hourly_load_data.xls,1799680,2026-07-28T08:27:11Z,xls,source data,raw retrieved source file or retrieval bundle,UNASSIGNED,,,PRIOR_HASH_MATCH,OneDrive/Documents/MR1a/hashes.csv,1,YES,REFERENCE_IN_PLACE_DO_NOT_COPY,,
4fa9078ed7427345eba5e505ae7fd1c2977c15726a4feb58204f035b00af7793,/mnt/c/Users/fuent/OneDrive/Documents/MR1a,2012_ercot_hourly_load_data.xls,/mnt/c/Users/fuent/OneDrive/Documents/MR1a/2012_ercot_hourly_load_data.xls,1804288,2026-07-28T08:27:05Z,xls,source data,raw retrieved source file or retrieval bundle,UNASSIGNED,,,PRIOR_HASH_MATCH,OneDrive/Documents/MR1a/hashes.csv,1,YES,REFERENCE_IN_PLACE_DO_NOT_COPY,,
d160bb43ae815a040198d172bdaa65aae155eb426d20565aed7f822a9c32ed20,/mnt/c/Users/fuent/OneDrive/Documents/MR1a,2013_ercot_hourly_load_data.xls,/mnt/c/Users/fuent/OneDrive/Documents/MR1a/2013_ercot_hourly_load_data.xls,1799680,2026-07-28T08:26:27Z,xls,source data,raw retrieved source file or retrieval bundle,UNASSIGNED,,,PRIOR_HASH_MATCH,OneDrive/Documents/MR1a/hashes.csv,1,YES,REFERENCE_IN_PLACE_DO_NOT_COPY,,
e695f6e739c4dd83e48cb61941d4818ee6b0d90ff9183c8c152ba27a688fd94f,/mnt/c/Users/fuent/OneDrive/Documents/MR1a,2014_ercot_hourly_load_data.xls,/mnt/c/Users/fuent/OneDrive/Documents/MR1a/2014_ercot_hourly_load_data.xls,1799680,2026-07-28T08:26:21Z,xls,source data,raw retrieved source file or retrieval bundle,UNASSIGNED,,,PRIOR_HASH_MATCH,OneDrive/Documents/MR1a/hashes.csv,1,YES,REFERENCE_IN_PLACE_DO_NOT_COPY,,
f6e5d9b52aa93fae106dc0b8ce0a9d9a23e919667f515ca039db2fda868a9006,/mnt/c/Users/fuent/OneDrive/Documents/MR1a,MR1a_bundle.zip,/mnt/c/Users/fuent/OneDrive/Documents/MR1a/MR1a_bundle.zip,24041695,2026-07-28T09:04:54Z,zip,source data,raw retrieved source file or retrieval bundle,UNASSIGNED,,,PRIOR_HASH_MATCH,mr1a_inventory.csv,1,YES,REFERENCE_IN_PLACE_DO_NOT_COPY,,
f99a5a9ed299523c23935487761f5e446ec4dddf0be0e1da931487be09681654,/mnt/c/Users/fuent/OneDrive/Documents/MR1a,Native_Load_2019.zip,/mnt/c/Users/fuent/OneDrive/Documents/MR1a/Native_Load_2019.zip,1092646,2026-07-28T08:25:07Z,zip,source data,raw retrieved source file or retrieval bundle,UNASSIGNED,,,PRIOR_HASH_MATCH,OneDrive/Documents/MR1a/hashes.csv,1,YES,REFERENCE_IN_PLACE_DO_NOT_COPY,,
a02195b9a8b79540d78362039cca30c95922e485828908dcd25c50c2dae4489a,/mnt/c/Users/fuent/OneDrive/Documents/MR1a,Native_Load_2020.zip,/mnt/c/Users/fuent/OneDrive/Documents/MR1a/Native_Load_2020.zip,1099986,2026-07-28T08:25:03Z,zip,source data,raw retrieved source file or retrieval bundle,UNASSIGNED,,,PRIOR_HASH_MATCH,OneDrive/Documents/MR1a/hashes.csv,1,YES,REFERENCE_IN_PLACE_DO_NOT_COPY,,
63d77e711fbcf838aff1666df475cd86a1fa939ad8aecd60a1bfe5039c4e5b91,/mnt/c/Users/fuent/OneDrive/Documents/MR1a,Native_Load_2021.zip,/mnt/c/Users/fuent/OneDrive/Documents/MR1a/Native_Load_2021.zip,1094567,2026-07-28T08:24:51Z,zip,source data,raw retrieved source file or retrieval bundle,UNASSIGNED,,,PRIOR_HASH_MATCH,OneDrive/Documents/MR1a/hashes.csv,1,YES,REFERENCE_IN_PLACE_DO_NOT_COPY,,
a90335ab621a5ad719bc885b27d7fd7ed0c90de0ad3f72736c30c26ada89a2ce,/mnt/c/Users/fuent/OneDrive/Documents/MR1a,Native_Load_2022.zip,/mnt/c/Users/fuent/OneDrive/Documents/MR1a/Native_Load_2022.zip,1093481,2026-07-28T08:24:45Z,zip,source data,raw retrieved source file or retrieval bundle,UNASSIGNED,,,PRIOR_HASH_MATCH,OneDrive/Documents/MR1a/hashes.csv,1,YES,REFERENCE_IN_PLACE_DO_NOT_COPY,,
34e7067d3273f56be42ce469e23747cff0db736d668519070ad63674c3ddecd4,/mnt/c/Users/fuent/OneDrive/Documents/MR1a,Native_Load_2023.zip,/mnt/c/Users/fuent/OneDrive/Documents/MR1a/Native_Load_2023.zip,1091030,2026-07-28T08:24:40Z,zip,source data,raw retrieved source file or retrieval bundle,UNASSIGNED,,,PRIOR_HASH_MATCH,OneDrive/Documents/MR1a/hashes.csv,1,YES,REFERENCE_IN_PLACE_DO_NOT_COPY,,
fe6dacd721ae66bdef63f9d755c4219ab6bc06361ef2044627fb45424c427198,/mnt/c/Users/fuent/OneDrive/Documents/MR1a,Native_Load_2024.zip,/mnt/c/Users/fuent/OneDrive/Documents/MR1a/Native_Load_2024.zip,1088476,2026-07-28T08:24:30Z,zip,source data,raw retrieved source file or retrieval bundle,UNASSIGNED,,,PRIOR_HASH_MATCH,OneDrive/Documents/MR1a/hashes.csv,1,YES,REFERENCE_IN_PLACE_DO_NOT_COPY,,
20f6699f4d1f577561e9581ce370a39b0b7af339c2c263c99c7b7fd605580854,/mnt/c/Users/fuent/OneDrive/Documents/MR1a,Native_Load_2025.zip,/mnt/c/Users/fuent/OneDrive/Documents/MR1a/Native_Load_2025.zip,1085085,2026-07-28T08:24:22Z,zip,source data,raw retrieved source file or retrieval bundle,UNASSIGNED,,,PRIOR_HASH_MATCH,OneDrive/Documents/MR1a/hashes.csv,1,YES,REFERENCE_IN_PLACE_DO_NOT_COPY,,
78bf409df78fb8df66529b12cff054862b59cc46542030afdf1db2c346d750f1,/mnt/c/Users/fuent/OneDrive/Documents/MR1a,Native_Load_2026.zip,/mnt/c/Users/fuent/OneDrive/Documents/MR1a/Native_Load_2026.zip,630642,2026-07-28T08:23:52Z,zip,source data,raw retrieved source file or retrieval bundle,UNASSIGNED,,,PRIOR_HASH_MATCH,OneDrive/Documents/MR1a/hashes.csv,1,YES,REFERENCE_IN_PLACE_DO_NOT_COPY,,
6cc0e2ca0a33fc29158bedf7841a12080cc8e3238a9acaa363e253e60a37ff4f,/mnt/c/Users/fuent/OneDrive/Documents/MR1a,hashes.csv,/mnt/c/Users/fuent/OneDrive/Documents/MR1a/hashes.csv,3645,2026-07-28T08:41:33Z,csv,manifest,hash index / retrieval manifest / provenance ledger,UNASSIGNED,,,PRIOR_HASH_MATCH,mr1a_inventory.csv,1,YES,PROPOSE_IMPORT,,same-name different-content conflict exists; see report section 12
c6aeb44ef405f39ba504add04bfdc0984e347d68bb8801800acc851614e51549,/mnt/c/Users/fuent/OneDrive/Documents/MR1a,manifest.txt,/mnt/c/Users/fuent/OneDrive/Documents/MR1a/manifest.txt,377,2026-07-28T09:00:22Z,txt,manifest,hash index / retrieval manifest / provenance ledger,UNASSIGNED,,,PRIOR_HASH_MATCH,mr1a_inventory.csv,1,YES,PROPOSE_IMPORT,,same-name different-content conflict exists; see report section 12
419bfd7ddb8a496273febab70e8958c0e6c51fbd638cc300e109d4e9c470d5e3,/mnt/c/Users/fuent/OneDrive/Documents/MR1a,native_Load_2016.zip,/mnt/c/Users/fuent/OneDrive/Documents/MR1a/native_Load_2016.zip,1122112,2026-07-28T08:25:25Z,zip,source data,raw retrieved source file or retrieval bundle,UNASSIGNED,,,PRIOR_HASH_MATCH,OneDrive/Documents/MR1a/hashes.csv,1,YES,REFERENCE_IN_PLACE_DO_NOT_COPY,,
d1ceb649236e02bc7ca08a3934c1a5f39bfc1df9c007e4d5288038e753d4dcc3,/mnt/c/Users/fuent/OneDrive/Documents/MR1a,native_load_2015.xls,/mnt/c/Users/fuent/OneDrive/Documents/MR1a/native_load_2015.xls,1799680,2026-07-28T08:25:42Z,xls,source data,raw retrieved source file or retrieval bundle,UNASSIGNED,,,PRIOR_HASH_MATCH,OneDrive/Documents/MR1a/hashes.csv,1,YES,REFERENCE_IN_PLACE_DO_NOT_COPY,,
6daf8e47e8145a1bce2ad41aecbfcadf59b2d0441f51e1b23c252e19d1e7bd28,/mnt/c/Users/fuent/OneDrive/Documents/MR1a,native_load_2017.zip,/mnt/c/Users/fuent/OneDrive/Documents/MR1a/native_load_2017.zip,1119759,2026-07-28T08:25:20Z,zip,source data,raw retrieved source file or retrieval bundle,UNASSIGNED,,,PRIOR_HASH_MATCH,OneDrive/Documents/MR1a/hashes.csv,1,YES,REFERENCE_IN_PLACE_DO_NOT_COPY,,
c57da4b5927a920eb8e160cf8927ec0e8f6a11f5e02962f4c9850787f13e2474,/mnt/c/Users/fuent/OneDrive/Documents/MR1a,native_load_2018.zip,/mnt/c/Users/fuent/OneDrive/Documents/MR1a/native_load_2018.zip,1093121,2026-07-28T08:25:13Z,zip,source data,raw retrieved source file or retrieval bundle,UNASSIGNED,,,PRIOR_HASH_MATCH,OneDrive/Documents/MR1a/hashes.csv,1,YES,REFERENCE_IN_PLACE_DO_NOT_COPY,,
865870fbaeb8cc82081707ece53fb3f03b1ef78eab3e63143728c3ef671e629f,/mnt/c/Users/fuent/OneDrive/Documents/MR1b,EIA930_BALANCE_2015_Jul_Dec.csv,/mnt/c/Users/fuent/OneDrive/Documents/MR1b/EIA930_BALANCE_2015_Jul_Dec.csv,30973894,2026-07-28T18:46:18Z,csv,source data,raw retrieved source file or retrieval bundle,UNASSIGNED,,,PRIOR_HASH_MATCH,Downloads/Artifacts from the First Chat/mr1b_pi_hashes.csv; OneDrive/Documents/MR1b/hashes.csv,1,YES,REFERENCE_IN_PLACE_DO_NOT_COPY,,
19e19e0becf86e9d3984d2e4199e8a77a33671a9cc27967562d383473a85cd10,/mnt/c/Users/fuent/OneDrive/Documents/MR1b,EIA930_BALANCE_2016_Jan_Jun.csv,/mnt/c/Users/fuent/OneDrive/Documents/MR1b/EIA930_BALANCE_2016_Jan_Jun.csv,30566131,2026-07-28T18:46:29Z,csv,source data,raw retrieved source file or retrieval bundle,UNASSIGNED,,,PRIOR_HASH_MATCH,Downloads/Artifacts from the First Chat/mr1b_pi_hashes.csv; OneDrive/Documents/MR1b/hashes.csv,1,YES,REFERENCE_IN_PLACE_DO_NOT_COPY,,
9c5f376580ac794450d117e371e2694fbe6d53f75eacdf67e8ebe943b2003e5a,/mnt/c/Users/fuent/OneDrive/Documents/MR1b,EIA930_BALANCE_2016_Jul_Dec.csv,/mnt/c/Users/fuent/OneDrive/Documents/MR1b/EIA930_BALANCE_2016_Jul_Dec.csv,30992986,2026-07-28T18:46:37Z,csv,source data,raw retrieved source file or retrieval bundle,UNASSIGNED,,,PRIOR_HASH_MATCH,Downloads/Artifacts from the First Chat/mr1b_pi_hashes.csv; OneDrive/Documents/MR1b/hashes.csv,1,YES,REFERENCE_IN_PLACE_DO_NOT_COPY,,
68abe29cd6196bc3c73d1b28531b8a77464615ecbff7e79282c32e52ddb5d981,/mnt/c/Users/fuent/OneDrive/Documents/MR1b,EIA930_BALANCE_2017_Jan_Jun.csv,/mnt/c/Users/fuent/OneDrive/Documents/MR1b/EIA930_BALANCE_2017_Jan_Jun.csv,30416510,2026-07-28T18:46:48Z,csv,source data,raw retrieved source file or retrieval bundle,UNASSIGNED,,,PRIOR_HASH_MATCH,Downloads/Artifacts from the First Chat/mr1b_pi_hashes.csv; OneDrive/Documents/MR1b/hashes.csv,1,YES,REFERENCE_IN_PLACE_DO_NOT_COPY,,
2097bc2737ffc4e1689f6ed3c5a5f16814187cfafead3e7e672f8342b793d163,/mnt/c/Users/fuent/OneDrive/Documents/MR1b,EIA930_BALANCE_2017_Jul_Dec.csv,/mnt/c/Users/fuent/OneDrive/Documents/MR1b/EIA930_BALANCE_2017_Jul_Dec.csv,31018149,2026-07-28T18:46:57Z,csv,source data,raw retrieved source file or retrieval bundle,UNASSIGNED,,,PRIOR_HASH_MATCH,Downloads/Artifacts from the First Chat/mr1b_pi_hashes.csv; OneDrive/Documents/MR1b/hashes.csv,1,YES,REFERENCE_IN_PLACE_DO_NOT_COPY,,
d8435a41ee74b7fa234014e3c749eb278fca86fc8dfcc3348a8f0a1607fda296,/mnt/c/Users/fuent/OneDrive/Documents/MR1b,EIA930_BALANCE_2018_Jan_Jun.csv,/mnt/c/Users/fuent/OneDrive/Documents/MR1b/EIA930_BALANCE_2018_Jan_Jun.csv,30287937,2026-07-28T18:47:08Z,csv,source data,raw retrieved source file or retrieval bundle,UNASSIGNED,,,PRIOR_HASH_MATCH,Downloads/Artifacts from the First Chat/mr1b_pi_hashes.csv; OneDrive/Documents/MR1b/hashes.csv,1,YES,REFERENCE_IN_PLACE_DO_NOT_COPY,,
fadc93f9b574c2460594bc98e7c39014c942233eb1447455cb62c9b0a1a63fc1,/mnt/c/Users/fuent/OneDrive/Documents/MR1b,EIA930_BALANCE_2018_Jul_Dec.csv,/mnt/c/Users/fuent/OneDrive/Documents/MR1b/EIA930_BALANCE_2018_Jul_Dec.csv,44213835,2026-07-28T18:47:17Z,csv,source data,raw retrieved source file or retrieval bundle,UNASSIGNED,,,PRIOR_HASH_MATCH,Downloads/Artifacts from the First Chat/mr1b_pi_hashes.csv; OneDrive/Documents/MR1b/hashes.csv,1,YES,REFERENCE_IN_PLACE_DO_NOT_COPY,,
02548d6bc49f3cffba1e66eb83a42e1d40194b1301f0f872baf2945e615af1b0,/mnt/c/Users/fuent/OneDrive/Documents/MR1b,EIA930_BALANCE_2019_Jan_Jun.csv,/mnt/c/Users/fuent/OneDrive/Documents/MR1b/EIA930_BALANCE_2019_Jan_Jun.csv,43369791,2026-07-28T18:47:29Z,csv,source data,raw retrieved source file or retrieval bundle,UNASSIGNED,,,PRIOR_HASH_MATCH,Downloads/Artifacts from the First Chat/mr1b_pi_hashes.csv; OneDrive/Documents/MR1b/hashes.csv,1,YES,REFERENCE_IN_PLACE_DO_NOT_COPY,,
5ec5c85be997c6c56bdcf42be3443a4bb6eb0851d704065c11c02eac0d3c48d1,/mnt/c/Users/fuent/OneDrive/Documents/MR1b,EIA930_BALANCE_2019_Jul_Dec.csv,/mnt/c/Users/fuent/OneDrive/Documents/MR1b/EIA930_BALANCE_2019_Jul_Dec.csv,44134576,2026-07-28T18:47:47Z,csv,source data,raw retrieved source file or retrieval bundle,UNASSIGNED,,,PRIOR_HASH_MATCH,Downloads/Artifacts from the First Chat/mr1b_pi_hashes.csv; OneDrive/Documents/MR1b/hashes.csv,1,YES,REFERENCE_IN_PLACE_DO_NOT_COPY,,
fff83ed20365e69933bdd6ebde06afaa8083930c613363c438844b0fd52034cf,/mnt/c/Users/fuent/OneDrive/Documents/MR1b,EIA930_BALANCE_2020_Jan_Jun.csv,/mnt/c/Users/fuent/OneDrive/Documents/MR1b/EIA930_BALANCE_2020_Jan_Jun.csv,42970027,2026-07-28T18:48:04Z,csv,source data,raw retrieved source file or retrieval bundle,UNASSIGNED,,,PRIOR_HASH_MATCH,Downloads/Artifacts from the First Chat/mr1b_pi_hashes.csv; OneDrive/Documents/MR1b/hashes.csv,1,YES,REFERENCE_IN_PLACE_DO_NOT_COPY,,
47788a718c26eae5a2453e3471c2b9e7d1a11062a0de70e2dca803163de5a754,/mnt/c/Users/fuent/OneDrive/Documents/MR1b,EIA930_BALANCE_2020_Jul_Dec.csv,/mnt/c/Users/fuent/OneDrive/Documents/MR1b/EIA930_BALANCE_2020_Jul_Dec.csv,43635740,2026-07-28T18:48:14Z,csv,source data,raw retrieved source file or retrieval bundle,UNASSIGNED,,,PRIOR_HASH_MATCH,Downloads/Artifacts from the First Chat/mr1b_pi_hashes.csv; OneDrive/Documents/MR1b/hashes.csv,1,YES,REFERENCE_IN_PLACE_DO_NOT_COPY,,
40b183f333e0f3edc1b9a2ed48b792eff00fd477915dae79ce5784e862380f7f,/mnt/c/Users/fuent/OneDrive/Documents/MR1b,EIA930_BALANCE_2021_Jan_Jun.csv,/mnt/c/Users/fuent/OneDrive/Documents/MR1b/EIA930_BALANCE_2021_Jan_Jun.csv,43073764,2026-07-28T18:48:25Z,csv,source data,raw retrieved source file or retrieval bundle,UNASSIGNED,,,PRIOR_HASH_MATCH,Downloads/Artifacts from the First Chat/mr1b_pi_hashes.csv; OneDrive/Documents/MR1b/hashes.csv,1,YES,REFERENCE_IN_PLACE_DO_NOT_COPY,,
66afadcab6865f74cebd6db82e363a66976846241c040cba66baf240afcd669b,/mnt/c/Users/fuent/OneDrive/Documents/MR1b,EIA930_BALANCE_2021_Jul_Dec.csv,/mnt/c/Users/fuent/OneDrive/Documents/MR1b/EIA930_BALANCE_2021_Jul_Dec.csv,43438192,2026-07-28T18:48:34Z,csv,source data,raw retrieved source file or retrieval bundle,UNASSIGNED,,,PRIOR_HASH_MATCH,Downloads/Artifacts from the First Chat/mr1b_pi_hashes.csv; OneDrive/Documents/MR1b/hashes.csv,1,YES,REFERENCE_IN_PLACE_DO_NOT_COPY,,
d3d315a0c29d9527a1c64cf6ddcdcc5c0b7281fddd99199bd70f06d242e503d5,/mnt/c/Users/fuent/OneDrive/Documents/MR1b,EIA930_BALANCE_2022_Jan_Jun.csv,/mnt/c/Users/fuent/OneDrive/Documents/MR1b/EIA930_BALANCE_2022_Jan_Jun.csv,42567904,2026-07-28T18:48:44Z,csv,source data,raw retrieved source file or retrieval bundle,UNASSIGNED,,,PRIOR_HASH_MATCH,Downloads/Artifacts from the First Chat/mr1b_pi_hashes.csv; OneDrive/Documents/MR1b/hashes.csv,1,YES,REFERENCE_IN_PLACE_DO_NOT_COPY,,
267575c29ef40f386bcf3bc3993013b9ce13a3a154b89b702559a75dd742976d,/mnt/c/Users/fuent/OneDrive/Documents/MR1b,EIA930_BALANCE_2022_Jul_Dec.csv,/mnt/c/Users/fuent/OneDrive/Documents/MR1b/EIA930_BALANCE_2022_Jul_Dec.csv,42909865,2026-07-28T18:48:55Z,csv,source data,raw retrieved source file or retrieval bundle,UNASSIGNED,,,PRIOR_HASH_MATCH,Downloads/Artifacts from the First Chat/mr1b_pi_hashes.csv; OneDrive/Documents/MR1b/hashes.csv,1,YES,REFERENCE_IN_PLACE_DO_NOT_COPY,,
a0e14e9c07ab4cc1de3e384c7be890b0c61d9de3fe04ad3ae5ec739f1f35ec1b,/mnt/c/Users/fuent/OneDrive/Documents/MR1b,EIA930_BALANCE_2023_Jan_Jun.csv,/mnt/c/Users/fuent/OneDrive/Documents/MR1b/EIA930_BALANCE_2023_Jan_Jun.csv,41981693,2026-07-28T18:49:04Z,csv,source data,raw retrieved source file or retrieval bundle,UNASSIGNED,,,PRIOR_HASH_MATCH,Downloads/Artifacts from the First Chat/mr1b_pi_hashes.csv; OneDrive/Documents/MR1b/hashes.csv,1,YES,REFERENCE_IN_PLACE_DO_NOT_COPY,,
c719fc1b513eec8982ce209b6e3173fc64b2d0d243f83d3bf0d8d1adf6222de2,/mnt/c/Users/fuent/OneDrive/Documents/MR1b,EIA930_BALANCE_2023_Jul_Dec.csv,/mnt/c/Users/fuent/OneDrive/Documents/MR1b/EIA930_BALANCE_2023_Jul_Dec.csv,42574041,2026-07-28T18:49:15Z,csv,source data,raw retrieved source file or retrieval bundle,UNASSIGNED,,,PRIOR_HASH_MATCH,Downloads/Artifacts from the First Chat/mr1b_pi_hashes.csv; OneDrive/Documents/MR1b/hashes.csv,1,YES,REFERENCE_IN_PLACE_DO_NOT_COPY,,
26768c495c3ba987e29d79df2e40d4e741f9dbcff086f53c12ff774465756a10,/mnt/c/Users/fuent/OneDrive/Documents/MR1b,EIA930_BALANCE_2024_Jan_Jun.csv,/mnt/c/Users/fuent/OneDrive/Documents/MR1b/EIA930_BALANCE_2024_Jan_Jun.csv,41742812,2026-07-28T18:49:27Z,csv,source data,raw retrieved source file or retrieval bundle,UNASSIGNED,,,PRIOR_HASH_MATCH,Downloads/Artifacts from the First Chat/mr1b_pi_hashes.csv; OneDrive/Documents/MR1b/hashes.csv,1,YES,REFERENCE_IN_PLACE_DO_NOT_COPY,,
a602a8e577cfdd2fa3083413eaa4dd8ba7f0d2b26a2986f8f6d22917465ea49f,/mnt/c/Users/fuent/OneDrive/Documents/MR1b,EIA930_BALANCE_2024_Jul_Dec.csv,/mnt/c/Users/fuent/OneDrive/Documents/MR1b/EIA930_BALANCE_2024_Jul_Dec.csv,47928993,2026-07-28T18:49:37Z,csv,source data,raw retrieved source file or retrieval bundle,UNASSIGNED,,,PRIOR_HASH_MATCH,Downloads/Artifacts from the First Chat/mr1b_pi_hashes.csv; OneDrive/Documents/MR1b/hashes.csv,1,YES,REFERENCE_IN_PLACE_DO_NOT_COPY,,
fac4bb991dfa1dab3b4b35300ccab54ac99be13a40ce91954db8ddafb2816242,/mnt/c/Users/fuent/OneDrive/Documents/MR1b,EIA930_BALANCE_2025_Jan_Jun.csv,/mnt/c/Users/fuent/OneDrive/Documents/MR1b/EIA930_BALANCE_2025_Jan_Jun.csv,47565054,2026-07-28T18:49:48Z,csv,source data,raw retrieved source file or retrieval bundle,UNASSIGNED,,,PRIOR_HASH_MATCH,Downloads/Artifacts from the First Chat/mr1b_pi_hashes.csv; OneDrive/Documents/MR1b/hashes.csv,1,YES,REFERENCE_IN_PLACE_DO_NOT_COPY,,
1146158b972439db7c7f4cc7d0491e07644ddbf244d03b8ecb44cb2c833d10f1,/mnt/c/Users/fuent/OneDrive/Documents/MR1b,EIA930_BALANCE_2025_Jul_Dec.csv,/mnt/c/Users/fuent/OneDrive/Documents/MR1b/EIA930_BALANCE_2025_Jul_Dec.csv,48256021,2026-07-28T18:50:00Z,csv,source data,raw retrieved source file or retrieval bundle,UNASSIGNED,,,PRIOR_HASH_MATCH,Downloads/Artifacts from the First Chat/mr1b_pi_hashes.csv; OneDrive/Documents/MR1b/hashes.csv,1,YES,REFERENCE_IN_PLACE_DO_NOT_COPY,,
b73556f26c2cc8d723c8272e0ab02c7c393773ff71c50830f68848789d7b3d74,/mnt/c/Users/fuent/OneDrive/Documents/MR1b,EIA930_BALANCE_2026_Jan_Jun.csv,/mnt/c/Users/fuent/OneDrive/Documents/MR1b/EIA930_BALANCE_2026_Jan_Jun.csv,47081960,2026-07-28T18:50:09Z,csv,source data,raw retrieved source file or retrieval bundle,UNASSIGNED,,,PRIOR_HASH_MATCH,Downloads/Artifacts from the First Chat/mr1b_pi_hashes.csv; OneDrive/Documents/MR1b/hashes.csv,1,YES,REFERENCE_IN_PLACE_DO_NOT_COPY,,
8afa07b12e7942d9369efea54eeba5c5f72bacca39d57cb79f8a4c552cfb6ce5,/mnt/c/Users/fuent/OneDrive/Documents/MR1b,EIA930_BALANCE_2026_Jul_Dec.csv,/mnt/c/Users/fuent/OneDrive/Documents/MR1b/EIA930_BALANCE_2026_Jul_Dec.csv,7264341,2026-07-28T18:50:17Z,csv,source data,raw retrieved source file or retrieval bundle,UNASSIGNED,,,PRIOR_HASH_MATCH,Downloads/Artifacts from the First Chat/mr1b_pi_hashes.csv; OneDrive/Documents/MR1b/hashes.csv,1,YES,REFERENCE_IN_PLACE_DO_NOT_COPY,,
792d3917e3c21f8ee12f5c46e298581bcb4bd47c8c6d217212053da60ab53fef,/mnt/c/Users/fuent/OneDrive/Documents/MR1b,MR1b_batch1.zip,/mnt/c/Users/fuent/OneDrive/Documents/MR1b/MR1b_batch1.zip,28074007,2026-07-28T18:58:33Z,zip,source data,raw retrieved source file or retrieval bundle,UNASSIGNED,,,FIRST_RECORDED_AT_MIGRATION,,1,YES,REFERENCE_IN_PLACE_DO_NOT_COPY,,
a6ea90d56b19e00ed39df09b548e13c4e3ab81426c309b4e22be0f46c5b18976,/mnt/c/Users/fuent/OneDrive/Documents/MR1b,MR1b_batch2.zip,/mnt/c/Users/fuent/OneDrive/Documents/MR1b/MR1b_batch2.zip,30744384,2026-07-28T18:59:05Z,zip,source data,raw retrieved source file or retrieval bundle,UNASSIGNED,,,FIRST_RECORDED_AT_MIGRATION,,1,YES,REFERENCE_IN_PLACE_DO_NOT_COPY,,
b2f37a27070a9b3234ff69dead8400f16b006fbac73063304e6617b62cae8772,/mnt/c/Users/fuent/OneDrive/Documents/MR1b,MR1b_batch3.zip,/mnt/c/Users/fuent/OneDrive/Documents/MR1b/MR1b_batch3.zip,33605036,2026-07-28T18:59:17Z,zip,source data,raw retrieved source file or retrieval bundle,UNASSIGNED,,,FIRST_RECORDED_AT_MIGRATION,,1,YES,REFERENCE_IN_PLACE_DO_NOT_COPY,,
a698128c44bd7af40cecc64271c369e3dae88e46d2110ef4566717244f5c4316,/mnt/c/Users/fuent/OneDrive/Documents/MR1b,MR1b_batch4.zip,/mnt/c/Users/fuent/OneDrive/Documents/MR1b/MR1b_batch4.zip,33372536,2026-07-28T18:59:36Z,zip,source data,raw retrieved source file or retrieval bundle,UNASSIGNED,,,FIRST_RECORDED_AT_MIGRATION,,1,YES,REFERENCE_IN_PLACE_DO_NOT_COPY,,
345607b3e66984badc62007ece12e5e1058b8635e838370bb3b9a10e7627009f,/mnt/c/Users/fuent/OneDrive/Documents/MR1b,MR1b_batch5.zip,/mnt/c/Users/fuent/OneDrive/Documents/MR1b/MR1b_batch5.zip,25619136,2026-07-28T18:59:55Z,zip,source data,raw retrieved source file or retrieval bundle,UNASSIGNED,,,FIRST_RECORDED_AT_MIGRATION,,1,YES,REFERENCE_IN_PLACE_DO_NOT_COPY,,
f1a5678bb28944145cfe188a04541327d16d7385391960ba2d77f20f5536ef57,/mnt/c/Users/fuent/OneDrive/Documents/MR1b,MR1b_batch6.zip,/mnt/c/Users/fuent/OneDrive/Documents/MR1b/MR1b_batch6.zip,18837234,2026-07-28T19:00:13Z,zip,source data,raw retrieved source file or retrieval bundle,UNASSIGNED,,,FIRST_RECORDED_AT_MIGRATION,,1,YES,REFERENCE_IN_PLACE_DO_NOT_COPY,,
3b0de7c9b38b913aa4205fdc91bb01619707f847b6007ae6c7a1fc60daa127ce,/mnt/c/Users/fuent/OneDrive/Documents/MR1b,hashes.csv,/mnt/c/Users/fuent/OneDrive/Documents/MR1b/hashes.csv,3477,2026-07-28T18:51:46Z,csv,manifest,hash index / retrieval manifest / provenance ledger,UNASSIGNED,,,PRIOR_HASH_MISMATCH,mr1a_inventory.csv,2,YES,PROPOSE_IMPORT,AMBIGUOUS_BASENAME_ONLY_NOT_DRIFT,F-08: no prior digest asserted for this path; basename 'hashes.csv' is asserted only for the MR1a copy. Byte-identical to mr1b_pi_hashes.csv (PI snapshot). Not drift.
486094ca5a00ec962cb4710f2da4603783950c822032d435d1e726f91839f789,/mnt/c/Users/fuent/OneDrive/Documents/MR1b,manifest.txt,/mnt/c/Users/fuent/OneDrive/Documents/MR1b/manifest.txt,741,2026-07-28T18:55:47Z,txt,manifest,hash index / retrieval manifest / provenance ledger,UNASSIGNED,,,PRIOR_HASH_MISMATCH,mr1a_inventory.csv,2,YES,PROPOSE_IMPORT,AMBIGUOUS_BASENAME_ONLY_NOT_DRIFT,F-08: basename collision with MR1a copy. Byte-identical to mr1b_pi_manifest.txt. Not drift.
6a622fa2a19738a9b376979012b087419a2c2dc4e7e34e5f36005bb64c70561e,/mnt/c/Users/fuent/OneDrive/Documents/MR1c,GHCNh_USW00003927_1995.parquet,/mnt/c/Users/fuent/OneDrive/Documents/MR1c/GHCNh_USW00003927_1995.parquet,554115,2026-07-28T19:30:18Z,parquet,source data,raw retrieved source file or retrieval bundle,UNASSIGNED,,,PRIOR_HASH_MATCH,OneDrive/Documents/MR1c/hashes.csv,1,YES,REFERENCE_IN_PLACE_DO_NOT_COPY,,
14bfb46ef1fbe0166f4dd79663c1c8dc756d166b867ee00f0372ccf7e5f6edef,/mnt/c/Users/fuent/OneDrive/Documents/MR1c,GHCNh_USW00003927_1996.parquet,/mnt/c/Users/fuent/OneDrive/Documents/MR1c/GHCNh_USW00003927_1996.parquet,589515,2026-07-28T19:30:18Z,parquet,source data,raw retrieved source file or retrieval bundle,UNASSIGNED,,,PRIOR_HASH_MATCH,OneDrive/Documents/MR1c/hashes.csv,1,YES,REFERENCE_IN_PLACE_DO_NOT_COPY,,
e8158597bc0f05b45d01fa71f6c90137ba556e03dc4289185fa28f28066302dc,/mnt/c/Users/fuent/OneDrive/Documents/MR1c,GHCNh_USW00003927_1997.parquet,/mnt/c/Users/fuent/OneDrive/Documents/MR1c/GHCNh_USW00003927_1997.parquet,645577,2026-07-28T19:30:19Z,parquet,source data,raw retrieved source file or retrieval bundle,UNASSIGNED,,,PRIOR_HASH_MATCH,OneDrive/Documents/MR1c/hashes.csv,1,YES,REFERENCE_IN_PLACE_DO_NOT_COPY,,
b1032070185fd64e1512533e498929a94d0c9c23ec8b9d1a8de064ef483c3bdc,/mnt/c/Users/fuent/OneDrive/Documents/MR1c,GHCNh_USW00003927_1998.parquet,/mnt/c/Users/fuent/OneDrive/Documents/MR1c/GHCNh_USW00003927_1998.parquet,647154,2026-07-28T19:30:19Z,parquet,source data,raw retrieved source file or retrieval bundle,UNASSIGNED,,,PRIOR_HASH_MATCH,OneDrive/Documents/MR1c/hashes.csv,1,YES,REFERENCE_IN_PLACE_DO_NOT_COPY,,
72bf9b6aa230d32ad882019f66e8279cf8469151f58457e42dd3c775081bb0fc,/mnt/c/Users/fuent/OneDrive/Documents/MR1c,GHCNh_USW00003927_1999.parquet,/mnt/c/Users/fuent/OneDrive/Documents/MR1c/GHCNh_USW00003927_1999.parquet,637871,2026-07-28T19:30:19Z,parquet,source data,raw retrieved source file or retrieval bundle,UNASSIGNED,,,PRIOR_HASH_MATCH,OneDrive/Documents/MR1c/hashes.csv,1,YES,REFERENCE_IN_PLACE_DO_NOT_COPY,,
a3fa3c6e7e0e1974144507521184e9dd72ab0262de3e29e70c12513d03637516,/mnt/c/Users/fuent/OneDrive/Documents/MR1c,GHCNh_USW00003927_2000.parquet,/mnt/c/Users/fuent/OneDrive/Documents/MR1c/GHCNh_USW00003927_2000.parquet,985694,2026-07-28T19:30:19Z,parquet,source data,raw retrieved source file or retrieval bundle,UNASSIGNED,,,PRIOR_HASH_MATCH,OneDrive/Documents/MR1c/hashes.csv,1,YES,REFERENCE_IN_PLACE_DO_NOT_COPY,,
56b2e4d515b71f316aa1e38dd99bc74f204497f7d81370b0ee76b6d7a286b8ec,/mnt/c/Users/fuent/OneDrive/Documents/MR1c,GHCNh_USW00003927_2001.parquet,/mnt/c/Users/fuent/OneDrive/Documents/MR1c/GHCNh_USW00003927_2001.parquet,982758,2026-07-28T19:30:19Z,parquet,source data,raw retrieved source file or retrieval bundle,UNASSIGNED,,,PRIOR_HASH_MATCH,OneDrive/Documents/MR1c/hashes.csv,1,YES,REFERENCE_IN_PLACE_DO_NOT_COPY,,
6cabd30e7bc395de9100fbc408e49dc3e77890d7a03ba1411b8dd2126415a3d7,/mnt/c/Users/fuent/OneDrive/Documents/MR1c,GHCNh_USW00003927_2002.parquet,/mnt/c/Users/fuent/OneDrive/Documents/MR1c/GHCNh_USW00003927_2002.parquet,921630,2026-07-28T19:30:20Z,parquet,source data,raw retrieved source file or retrieval bundle,UNASSIGNED,,,PRIOR_HASH_MATCH,OneDrive/Documents/MR1c/hashes.csv,1,YES,REFERENCE_IN_PLACE_DO_NOT_COPY,,
4b270b7c22e2c4442e5222950ec13f9576e2f905ccf833f679084a8fd3ef8d71,/mnt/c/Users/fuent/OneDrive/Documents/MR1c,GHCNh_USW00003927_2003.parquet,/mnt/c/Users/fuent/OneDrive/Documents/MR1c/GHCNh_USW00003927_2003.parquet,821508,2026-07-28T19:30:20Z,parquet,source data,raw retrieved source file or retrieval bundle,UNASSIGNED,,,PRIOR_HASH_MATCH,OneDrive/Documents/MR1c/hashes.csv,1,YES,REFERENCE_IN_PLACE_DO_NOT_COPY,,
d189691fef430145e0a712ac695c5814019a7c74fe9cce0877de3929e2b22eb7,/mnt/c/Users/fuent/OneDrive/Documents/MR1c,GHCNh_USW00003927_2004.parquet,/mnt/c/Users/fuent/OneDrive/Documents/MR1c/GHCNh_USW00003927_2004.parquet,936899,2026-07-28T19:30:20Z,parquet,source data,raw retrieved source file or retrieval bundle,UNASSIGNED,,,PRIOR_HASH_MATCH,OneDrive/Documents/MR1c/hashes.csv,1,YES,REFERENCE_IN_PLACE_DO_NOT_COPY,,
e5c5f13e745361a2262e65708805432a460aefc8aac5ccff6114e3d6694dc263,/mnt/c/Users/fuent/OneDrive/Documents/MR1c,GHCNh_USW00003927_2005.parquet,/mnt/c/Users/fuent/OneDrive/Documents/MR1c/GHCNh_USW00003927_2005.parquet,1123473,2026-07-28T19:30:20Z,parquet,source data,raw retrieved source file or retrieval bundle,UNASSIGNED,,,PRIOR_HASH_MATCH,OneDrive/Documents/MR1c/hashes.csv,1,YES,REFERENCE_IN_PLACE_DO_NOT_COPY,,
b62663796f6552194628de98fe5cca096536cfcf4e7dca11f223c4e30559db90,/mnt/c/Users/fuent/OneDrive/Documents/MR1c,GHCNh_USW00003927_2006.parquet,/mnt/c/Users/fuent/OneDrive/Documents/MR1c/GHCNh_USW00003927_2006.parquet,1148392,2026-07-28T19:30:20Z,parquet,source data,raw retrieved source file or retrieval bundle,UNASSIGNED,,,PRIOR_HASH_MATCH,OneDrive/Documents/MR1c/hashes.csv,1,YES,REFERENCE_IN_PLACE_DO_NOT_COPY,,
8c88af49eaaf7528e8f1d47f27448fd17c381d20540d94f8672f072e222cfe3e,/mnt/c/Users/fuent/OneDrive/Documents/MR1c,GHCNh_USW00003927_2007.parquet,/mnt/c/Users/fuent/OneDrive/Documents/MR1c/GHCNh_USW00003927_2007.parquet,1277946,2026-07-28T19:30:20Z,parquet,source data,raw retrieved source file or retrieval bundle,UNASSIGNED,,,PRIOR_HASH_MATCH,OneDrive/Documents/MR1c/hashes.csv,1,YES,REFERENCE_IN_PLACE_DO_NOT_COPY,,
f84b8fdc7497a8cab5c9b3402978053a90ff555e93732caa7a24165925bd89e6,/mnt/c/Users/fuent/OneDrive/Documents/MR1c,GHCNh_USW00003927_2008.parquet,/mnt/c/Users/fuent/OneDrive/Documents/MR1c/GHCNh_USW00003927_2008.parquet,1167421,2026-07-28T19:30:21Z,parquet,source data,raw retrieved source file or retrieval bundle,UNASSIGNED,,,PRIOR_HASH_MATCH,OneDrive/Documents/MR1c/hashes.csv,1,YES,REFERENCE_IN_PLACE_DO_NOT_COPY,,
56e9e42ab64f775f0edfd60a941b91fcee00092c19b29140989333276b1e5c41,/mnt/c/Users/fuent/OneDrive/Documents/MR1c,GHCNh_USW00003927_2009.parquet,/mnt/c/Users/fuent/OneDrive/Documents/MR1c/GHCNh_USW00003927_2009.parquet,1243231,2026-07-28T19:30:21Z,parquet,source data,raw retrieved source file or retrieval bundle,UNASSIGNED,,,PRIOR_HASH_MATCH,OneDrive/Documents/MR1c/hashes.csv,1,YES,REFERENCE_IN_PLACE_DO_NOT_COPY,,
678f9b6004f7a4d4409d6db47e56f394baa52814635c84ffc11b45ce9d3b89d0,/mnt/c/Users/fuent/OneDrive/Documents/MR1c,GHCNh_USW00003927_2010.parquet,/mnt/c/Users/fuent/OneDrive/Documents/MR1c/GHCNh_USW00003927_2010.parquet,1203639,2026-07-28T19:30:21Z,parquet,source data,raw retrieved source file or retrieval bundle,UNASSIGNED,,,PRIOR_HASH_MATCH,OneDrive/Documents/MR1c/hashes.csv,1,YES,REFERENCE_IN_PLACE_DO_NOT_COPY,,
50b9efd4402b3dc1ca3faaef42b6b4b9c13dc3a91b2f6acb0d15921958b7438d,/mnt/c/Users/fuent/OneDrive/Documents/MR1c,GHCNh_USW00003927_2011.parquet,/mnt/c/Users/fuent/OneDrive/Documents/MR1c/GHCNh_USW00003927_2011.parquet,1144137,2026-07-28T19:30:21Z,parquet,source data,raw retrieved source file or retrieval bundle,UNASSIGNED,,,PRIOR_HASH_MATCH,OneDrive/Documents/MR1c/hashes.csv,1,YES,REFERENCE_IN_PLACE_DO_NOT_COPY,,
28abdf6d042fc5a62698f6c274fd9d162d0d03be49068cbc23e5d7498e05a2b6,/mnt/c/Users/fuent/OneDrive/Documents/MR1c,GHCNh_USW00003927_2012.parquet,/mnt/c/Users/fuent/OneDrive/Documents/MR1c/GHCNh_USW00003927_2012.parquet,1097437,2026-07-28T19:30:21Z,parquet,source data,raw retrieved source file or retrieval bundle,UNASSIGNED,,,PRIOR_HASH_MATCH,OneDrive/Documents/MR1c/hashes.csv,1,YES,REFERENCE_IN_PLACE_DO_NOT_COPY,,
2070648c812e0d68b31b36cb6d75547ba1a4e986d9f991815dc29871c0bf4359,/mnt/c/Users/fuent/OneDrive/Documents/MR1c,GHCNh_USW00003927_2013.parquet,/mnt/c/Users/fuent/OneDrive/Documents/MR1c/GHCNh_USW00003927_2013.parquet,1159086,2026-07-28T19:30:21Z,parquet,source data,raw retrieved source file or retrieval bundle,UNASSIGNED,,,PRIOR_HASH_MATCH,OneDrive/Documents/MR1c/hashes.csv,1,YES,REFERENCE_IN_PLACE_DO_NOT_COPY,,
985633f278f97c2c37332ad30206ffbf191d1a4200a2a490292c8e141b91eda6,/mnt/c/Users/fuent/OneDrive/Documents/MR1c,GHCNh_USW00003927_2014.parquet,/mnt/c/Users/fuent/OneDrive/Documents/MR1c/GHCNh_USW00003927_2014.parquet,1170535,2026-07-28T19:30:22Z,parquet,source data,raw retrieved source file or retrieval bundle,UNASSIGNED,,,PRIOR_HASH_MATCH,OneDrive/Documents/MR1c/hashes.csv,1,YES,REFERENCE_IN_PLACE_DO_NOT_COPY,,
6747496a861e4ad4de6187541b9d3673497f598d14d50eff44272030ca86214c,/mnt/c/Users/fuent/OneDrive/Documents/MR1c,GHCNh_USW00003927_2015.parquet,/mnt/c/Users/fuent/OneDrive/Documents/MR1c/GHCNh_USW00003927_2015.parquet,1199144,2026-07-28T19:30:22Z,parquet,source data,raw retrieved source file or retrieval bundle,UNASSIGNED,,,PRIOR_HASH_MATCH,OneDrive/Documents/MR1c/hashes.csv,1,YES,REFERENCE_IN_PLACE_DO_NOT_COPY,,
c637af8e051c3a87214d226191908fbe0e025ea3157c03efea3c0f79537ee3dc,/mnt/c/Users/fuent/OneDrive/Documents/MR1c,GHCNh_USW00003927_2016.parquet,/mnt/c/Users/fuent/OneDrive/Documents/MR1c/GHCNh_USW00003927_2016.parquet,1149736,2026-07-28T19:30:22Z,parquet,source data,raw retrieved source file or retrieval bundle,UNASSIGNED,,,PRIOR_HASH_MATCH,OneDrive/Documents/MR1c/hashes.csv,1,YES,REFERENCE_IN_PLACE_DO_NOT_COPY,,
16b4d9e1139334102c6828005f67ec0596ab7152c6d8d9363484cc2ade331238,/mnt/c/Users/fuent/OneDrive/Documents/MR1c,GHCNh_USW00003927_2017.parquet,/mnt/c/Users/fuent/OneDrive/Documents/MR1c/GHCNh_USW00003927_2017.parquet,1165924,2026-07-28T19:30:22Z,parquet,source data,raw retrieved source file or retrieval bundle,UNASSIGNED,,,PRIOR_HASH_MATCH,OneDrive/Documents/MR1c/hashes.csv,1,YES,REFERENCE_IN_PLACE_DO_NOT_COPY,,
8b17be7e71cc3ea7aef2beeddf10fdb8c9d8f0a3b00f67d038feac4460f70df5,/mnt/c/Users/fuent/OneDrive/Documents/MR1c,GHCNh_USW00003927_2018.parquet,/mnt/c/Users/fuent/OneDrive/Documents/MR1c/GHCNh_USW00003927_2018.parquet,1206635,2026-07-28T19:30:22Z,parquet,source data,raw retrieved source file or retrieval bundle,UNASSIGNED,,,PRIOR_HASH_MATCH,OneDrive/Documents/MR1c/hashes.csv,1,YES,REFERENCE_IN_PLACE_DO_NOT_COPY,,
5765ff169e307508291f6825aee93e40dbda51645193890d0983619fd54b6fa9,/mnt/c/Users/fuent/OneDrive/Documents/MR1c,GHCNh_USW00003927_2019.parquet,/mnt/c/Users/fuent/OneDrive/Documents/MR1c/GHCNh_USW00003927_2019.parquet,1168990,2026-07-28T19:30:23Z,parquet,source data,raw retrieved source file or retrieval bundle,UNASSIGNED,,,PRIOR_HASH_MATCH,OneDrive/Documents/MR1c/hashes.csv,1,YES,REFERENCE_IN_PLACE_DO_NOT_COPY,,
568731cdbff846a34143143cf3c86229e3f5499f43cebdb45cf80832d297363f,/mnt/c/Users/fuent/OneDrive/Documents/MR1c,GHCNh_USW00003927_2020.parquet,/mnt/c/Users/fuent/OneDrive/Documents/MR1c/GHCNh_USW00003927_2020.parquet,1177995,2026-07-28T19:30:23Z,parquet,source data,raw retrieved source file or retrieval bundle,UNASSIGNED,,,PRIOR_HASH_MATCH,OneDrive/Documents/MR1c/hashes.csv,1,YES,REFERENCE_IN_PLACE_DO_NOT_COPY,,
270c617fbf00f5f06fa95b87228a6121c0e2e63fcda1cba7e353d860ca006aad,/mnt/c/Users/fuent/OneDrive/Documents/MR1c,GHCNh_USW00003927_2021.parquet,/mnt/c/Users/fuent/OneDrive/Documents/MR1c/GHCNh_USW00003927_2021.parquet,1158938,2026-07-28T19:30:23Z,parquet,source data,raw retrieved source file or retrieval bundle,UNASSIGNED,,,PRIOR_HASH_MATCH,OneDrive/Documents/MR1c/hashes.csv,1,YES,REFERENCE_IN_PLACE_DO_NOT_COPY,,
fb1c1a1c7954b68c84249ef0fb40e0bfb9701b0dae42d69b9a259f9f8edfc961,/mnt/c/Users/fuent/OneDrive/Documents/MR1c,GHCNh_USW00003927_2022.parquet,/mnt/c/Users/fuent/OneDrive/Documents/MR1c/GHCNh_USW00003927_2022.parquet,1113224,2026-07-28T19:30:28Z,parquet,source data,raw retrieved source file or retrieval bundle,UNASSIGNED,,,PRIOR_HASH_MATCH,OneDrive/Documents/MR1c/hashes.csv,1,YES,REFERENCE_IN_PLACE_DO_NOT_COPY,,
8c260972531b0949c35d8a3071fb2f904a5a98030c5c5b9b6121f8b56fd556fb,/mnt/c/Users/fuent/OneDrive/Documents/MR1c,GHCNh_USW00003927_2023.parquet,/mnt/c/Users/fuent/OneDrive/Documents/MR1c/GHCNh_USW00003927_2023.parquet,1119464,2026-07-28T19:30:29Z,parquet,source data,raw retrieved source file or retrieval bundle,UNASSIGNED,,,PRIOR_HASH_MATCH,OneDrive/Documents/MR1c/hashes.csv,1,YES,REFERENCE_IN_PLACE_DO_NOT_COPY,,
920061494a2ecf894ccaee0865acd93e70ebd74ad888450b0317ad94e0b2da40,/mnt/c/Users/fuent/OneDrive/Documents/MR1c,GHCNh_USW00003927_2024.parquet,/mnt/c/Users/fuent/OneDrive/Documents/MR1c/GHCNh_USW00003927_2024.parquet,1140263,2026-07-28T19:30:29Z,parquet,source data,raw retrieved source file or retrieval bundle,UNASSIGNED,,,PRIOR_HASH_MATCH,OneDrive/Documents/MR1c/hashes.csv,1,YES,REFERENCE_IN_PLACE_DO_NOT_COPY,,
b15943c7f787a7cbb80d01256b1f716ade97c339fc82d5846cfce4721ebe1064,/mnt/c/Users/fuent/OneDrive/Documents/MR1c,GHCNh_USW00003927_2025.parquet,/mnt/c/Users/fuent/OneDrive/Documents/MR1c/GHCNh_USW00003927_2025.parquet,1043994,2026-07-28T19:30:30Z,parquet,source data,raw retrieved source file or retrieval bundle,UNASSIGNED,,,PRIOR_HASH_MATCH,OneDrive/Documents/MR1c/hashes.csv,1,YES,REFERENCE_IN_PLACE_DO_NOT_COPY,,
6bc2d3df2b69455f5754e8378d262efea411c36cc906378224c53ad92a45d5d1,/mnt/c/Users/fuent/OneDrive/Documents/MR1c,GHCNh_USW00003927_2026.parquet,/mnt/c/Users/fuent/OneDrive/Documents/MR1c/GHCNh_USW00003927_2026.parquet,1024535,2026-07-28T19:30:31Z,parquet,source data,raw retrieved source file or retrieval bundle,UNASSIGNED,,,PRIOR_HASH_MATCH,OneDrive/Documents/MR1c/hashes.csv,1,YES,REFERENCE_IN_PLACE_DO_NOT_COPY,,
678618c3e0814941355674850b429a62ff0fc189af86e0122a60009ce8dbbcdf,/mnt/c/Users/fuent/OneDrive/Documents/MR1c,GHCNh_USW00012921_1995.parquet,/mnt/c/Users/fuent/OneDrive/Documents/MR1c/GHCNh_USW00012921_1995.parquet,561573,2026-07-28T19:30:43Z,parquet,source data,raw retrieved source file or retrieval bundle,UNASSIGNED,,,PRIOR_HASH_MATCH,OneDrive/Documents/MR1c/hashes.csv,1,YES,REFERENCE_IN_PLACE_DO_NOT_COPY,,
6a4eec1e9e8de8375a5eb4fb7a02c9cc7ce87ce82f69fd1beabf16a2dbbdf876,/mnt/c/Users/fuent/OneDrive/Documents/MR1c,GHCNh_USW00012921_1996.parquet,/mnt/c/Users/fuent/OneDrive/Documents/MR1c/GHCNh_USW00012921_1996.parquet,622692,2026-07-28T19:30:44Z,parquet,source data,raw retrieved source file or retrieval bundle,UNASSIGNED,,,PRIOR_HASH_MATCH,OneDrive/Documents/MR1c/hashes.csv,1,YES,REFERENCE_IN_PLACE_DO_NOT_COPY,,
f4de1014587b2468ddaa71d9e1ca7878db1ba8e4b179a36429930053d2079f12,/mnt/c/Users/fuent/OneDrive/Documents/MR1c,GHCNh_USW00012921_1997.parquet,/mnt/c/Users/fuent/OneDrive/Documents/MR1c/GHCNh_USW00012921_1997.parquet,697082,2026-07-28T19:30:44Z,parquet,source data,raw retrieved source file or retrieval bundle,UNASSIGNED,,,PRIOR_HASH_MATCH,OneDrive/Documents/MR1c/hashes.csv,1,YES,REFERENCE_IN_PLACE_DO_NOT_COPY,,
3f8b51d765260e15e25ba0fbb37d83fb51848243cbc1714c2e9089e3573d529d,/mnt/c/Users/fuent/OneDrive/Documents/MR1c,GHCNh_USW00012921_1998.parquet,/mnt/c/Users/fuent/OneDrive/Documents/MR1c/GHCNh_USW00012921_1998.parquet,660910,2026-07-28T19:30:44Z,parquet,source data,raw retrieved source file or retrieval bundle,UNASSIGNED,,,PRIOR_HASH_MATCH,OneDrive/Documents/MR1c/hashes.csv,1,YES,REFERENCE_IN_PLACE_DO_NOT_COPY,,
5cc98552d01f92f901d734f26642ad6495d0db844cee4de19f6d605945958b3f,/mnt/c/Users/fuent/OneDrive/Documents/MR1c,GHCNh_USW00012921_1999.parquet,/mnt/c/Users/fuent/OneDrive/Documents/MR1c/GHCNh_USW00012921_1999.parquet,651328,2026-07-28T19:30:45Z,parquet,source data,raw retrieved source file or retrieval bundle,UNASSIGNED,,,PRIOR_HASH_MATCH,OneDrive/Documents/MR1c/hashes.csv,1,YES,REFERENCE_IN_PLACE_DO_NOT_COPY,,
1ddf5cb83486990b7cca42c321d7a4566cc863208e57f5d60b6e1b138446e50b,/mnt/c/Users/fuent/OneDrive/Documents/MR1c,GHCNh_USW00012921_2000.parquet,/mnt/c/Users/fuent/OneDrive/Documents/MR1c/GHCNh_USW00012921_2000.parquet,988835,2026-07-28T19:30:45Z,parquet,source data,raw retrieved source file or retrieval bundle,UNASSIGNED,,,PRIOR_HASH_MATCH,OneDrive/Documents/MR1c/hashes.csv,1,YES,REFERENCE_IN_PLACE_DO_NOT_COPY,,
3b5ad326be5dca20e5853df440eb584aa3e74a0f4bfa70064716b7af74bbe4ca,/mnt/c/Users/fuent/OneDrive/Documents/MR1c,GHCNh_USW00012921_2001.parquet,/mnt/c/Users/fuent/OneDrive/Documents/MR1c/GHCNh_USW00012921_2001.parquet,989641,2026-07-28T19:30:45Z,parquet,source data,raw retrieved source file or retrieval bundle,UNASSIGNED,,,PRIOR_HASH_MATCH,OneDrive/Documents/MR1c/hashes.csv,1,YES,REFERENCE_IN_PLACE_DO_NOT_COPY,,
8ca278ceef2f68db73cebd0756a9c8318b7ca5b521185796214c5f9ca61dc841,/mnt/c/Users/fuent/OneDrive/Documents/MR1c,GHCNh_USW00012921_2002.parquet,/mnt/c/Users/fuent/OneDrive/Documents/MR1c/GHCNh_USW00012921_2002.parquet,996173,2026-07-28T19:30:46Z,parquet,source data,raw retrieved source file or retrieval bundle,UNASSIGNED,,,PRIOR_HASH_MATCH,OneDrive/Documents/MR1c/hashes.csv,1,YES,REFERENCE_IN_PLACE_DO_NOT_COPY,,
74b81dc5bb9d91a1872c8787b2915efb991f193c3ccf96651da8582d5f47a6f1,/mnt/c/Users/fuent/OneDrive/Documents/MR1c,GHCNh_USW00012921_2003.parquet,/mnt/c/Users/fuent/OneDrive/Documents/MR1c/GHCNh_USW00012921_2003.parquet,1084340,2026-07-28T19:30:46Z,parquet,source data,raw retrieved source file or retrieval bundle,UNASSIGNED,,,PRIOR_HASH_MATCH,OneDrive/Documents/MR1c/hashes.csv,1,YES,REFERENCE_IN_PLACE_DO_NOT_COPY,,
fcff2b7195d5515099f01387d700117ef1765d7f4ad6ebebfe5f8be469b04903,/mnt/c/Users/fuent/OneDrive/Documents/MR1c,GHCNh_USW00012921_2004.parquet,/mnt/c/Users/fuent/OneDrive/Documents/MR1c/GHCNh_USW00012921_2004.parquet,1179413,2026-07-28T19:30:46Z,parquet,source data,raw retrieved source file or retrieval bundle,UNASSIGNED,,,PRIOR_HASH_MATCH,OneDrive/Documents/MR1c/hashes.csv,1,YES,REFERENCE_IN_PLACE_DO_NOT_COPY,,
2eae59b8e4e430c339e849ad1159df85d5b38edcf045fb3454420ffd5fcfbfe0,/mnt/c/Users/fuent/OneDrive/Documents/MR1c,GHCNh_USW00012921_2005.parquet,/mnt/c/Users/fuent/OneDrive/Documents/MR1c/GHCNh_USW00012921_2005.parquet,1214923,2026-07-28T19:30:47Z,parquet,source data,raw retrieved source file or retrieval bundle,UNASSIGNED,,,PRIOR_HASH_MATCH,OneDrive/Documents/MR1c/hashes.csv,1,YES,REFERENCE_IN_PLACE_DO_NOT_COPY,,
fc6408c28373d575da9f37a6ee96abf49573929e791a544535d05c3e6454968f,/mnt/c/Users/fuent/OneDrive/Documents/MR1c,GHCNh_USW00012921_2006.parquet,/mnt/c/Users/fuent/OneDrive/Documents/MR1c/GHCNh_USW00012921_2006.parquet,1228015,2026-07-28T19:30:47Z,parquet,source data,raw retrieved source file or retrieval bundle,UNASSIGNED,,,PRIOR_HASH_MATCH,OneDrive/Documents/MR1c/hashes.csv,1,YES,REFERENCE_IN_PLACE_DO_NOT_COPY,,
617908b0d9ef8df8547b56c194832021f13ace6b1480a7524e1a74b62593243d,/mnt/c/Users/fuent/OneDrive/Documents/MR1c,GHCNh_USW00012921_2007.parquet,/mnt/c/Users/fuent/OneDrive/Documents/MR1c/GHCNh_USW00012921_2007.parquet,1363115,2026-07-28T19:30:48Z,parquet,source data,raw retrieved source file or retrieval bundle,UNASSIGNED,,,PRIOR_HASH_MATCH,OneDrive/Documents/MR1c/hashes.csv,1,YES,REFERENCE_IN_PLACE_DO_NOT_COPY,,
9f58ba99ce5f3392a0b3aa3d1804cfc16746e624a0dc3ab4728eb6f30b875cb3,/mnt/c/Users/fuent/OneDrive/Documents/MR1c,GHCNh_USW00012921_2008.parquet,/mnt/c/Users/fuent/OneDrive/Documents/MR1c/GHCNh_USW00012921_2008.parquet,1204925,2026-07-28T19:30:48Z,parquet,source data,raw retrieved source file or retrieval bundle,UNASSIGNED,,,PRIOR_HASH_MATCH,OneDrive/Documents/MR1c/hashes.csv,1,YES,REFERENCE_IN_PLACE_DO_NOT_COPY,,
9022437b25b6ab5968a3825962cdc1a9883159d2e5df59074b424b3a9fef4fbf,/mnt/c/Users/fuent/OneDrive/Documents/MR1c,GHCNh_USW00012921_2009.parquet,/mnt/c/Users/fuent/OneDrive/Documents/MR1c/GHCNh_USW00012921_2009.parquet,1233324,2026-07-28T19:30:49Z,parquet,source data,raw retrieved source file or retrieval bundle,UNASSIGNED,,,PRIOR_HASH_MATCH,OneDrive/Documents/MR1c/hashes.csv,1,YES,REFERENCE_IN_PLACE_DO_NOT_COPY,,
86fc42d64180c729e3e49bea73ee9159d79893b3a3603d65fbc19252fadfa686,/mnt/c/Users/fuent/OneDrive/Documents/MR1c,GHCNh_USW00012921_2010.parquet,/mnt/c/Users/fuent/OneDrive/Documents/MR1c/GHCNh_USW00012921_2010.parquet,1276689,2026-07-28T19:30:49Z,parquet,source data,raw retrieved source file or retrieval bundle,UNASSIGNED,,,PRIOR_HASH_MATCH,OneDrive/Documents/MR1c/hashes.csv,1,YES,REFERENCE_IN_PLACE_DO_NOT_COPY,,
531d05674a9d14580119cf0a913eae3e11345ffbcacb648c866aa15c81b601d8,/mnt/c/Users/fuent/OneDrive/Documents/MR1c,GHCNh_USW00012921_2011.parquet,/mnt/c/Users/fuent/OneDrive/Documents/MR1c/GHCNh_USW00012921_2011.parquet,1169140,2026-07-28T19:30:50Z,parquet,source data,raw retrieved source file or retrieval bundle,UNASSIGNED,,,PRIOR_HASH_MATCH,OneDrive/Documents/MR1c/hashes.csv,1,YES,REFERENCE_IN_PLACE_DO_NOT_COPY,,
c4fa82d9c72372b6e3155ca4042d66d786fb4fe4ddd1e81e1d281ab15cf06dfe,/mnt/c/Users/fuent/OneDrive/Documents/MR1c,GHCNh_USW00012921_2012.parquet,/mnt/c/Users/fuent/OneDrive/Documents/MR1c/GHCNh_USW00012921_2012.parquet,1183219,2026-07-28T19:30:50Z,parquet,source data,raw retrieved source file or retrieval bundle,UNASSIGNED,,,PRIOR_HASH_MATCH,OneDrive/Documents/MR1c/hashes.csv,1,YES,REFERENCE_IN_PLACE_DO_NOT_COPY,,
2707fe957ffebd3e7aeaea0d1181cd9f702319a994838e17b213d85010fc3cc0,/mnt/c/Users/fuent/OneDrive/Documents/MR1c,GHCNh_USW00012921_2013.parquet,/mnt/c/Users/fuent/OneDrive/Documents/MR1c/GHCNh_USW00012921_2013.parquet,1191284,2026-07-28T19:30:51Z,parquet,source data,raw retrieved source file or retrieval bundle,UNASSIGNED,,,PRIOR_HASH_MATCH,OneDrive/Documents/MR1c/hashes.csv,1,YES,REFERENCE_IN_PLACE_DO_NOT_COPY,,
09f226413e610bd599c97738c8e984db8253cd05337205f4503e179543b7d5ea,/mnt/c/Users/fuent/OneDrive/Documents/MR1c,GHCNh_USW00012921_2014.parquet,/mnt/c/Users/fuent/OneDrive/Documents/MR1c/GHCNh_USW00012921_2014.parquet,1202200,2026-07-28T19:30:51Z,parquet,source data,raw retrieved source file or retrieval bundle,UNASSIGNED,,,PRIOR_HASH_MATCH,OneDrive/Documents/MR1c/hashes.csv,1,YES,REFERENCE_IN_PLACE_DO_NOT_COPY,,
321f932b23aa6c1bfc5ab0f4ed797448d96f94567ff17ee263272cea6c06cdc6,/mnt/c/Users/fuent/OneDrive/Documents/MR1c,GHCNh_USW00012921_2015.parquet,/mnt/c/Users/fuent/OneDrive/Documents/MR1c/GHCNh_USW00012921_2015.parquet,1208590,2026-07-28T19:30:52Z,parquet,source data,raw retrieved source file or retrieval bundle,UNASSIGNED,,,PRIOR_HASH_MATCH,OneDrive/Documents/MR1c/hashes.csv,1,YES,REFERENCE_IN_PLACE_DO_NOT_COPY,,
be2beec7cd39b415cbe0b1ad47ed77be323fadcafe10b627aced03c259df5a61,/mnt/c/Users/fuent/OneDrive/Documents/MR1c,GHCNh_USW00012921_2016.parquet,/mnt/c/Users/fuent/OneDrive/Documents/MR1c/GHCNh_USW00012921_2016.parquet,1189516,2026-07-28T19:30:52Z,parquet,source data,raw retrieved source file or retrieval bundle,UNASSIGNED,,,PRIOR_HASH_MATCH,OneDrive/Documents/MR1c/hashes.csv,1,YES,REFERENCE_IN_PLACE_DO_NOT_COPY,,
e186ab0dd1751badba6f60d3b336612b71f7c83e09dbf317c614edfb9882b0a1,/mnt/c/Users/fuent/OneDrive/Documents/MR1c,GHCNh_USW00012921_2017.parquet,/mnt/c/Users/fuent/OneDrive/Documents/MR1c/GHCNh_USW00012921_2017.parquet,1165250,2026-07-28T19:30:52Z,parquet,source data,raw retrieved source file or retrieval bundle,UNASSIGNED,,,PRIOR_HASH_MATCH,OneDrive/Documents/MR1c/hashes.csv,1,YES,REFERENCE_IN_PLACE_DO_NOT_COPY,,
fa4fe86cfd9f9d604a4d9d6dfb167c30021e49f1e5d7badc88576950e586a005,/mnt/c/Users/fuent/OneDrive/Documents/MR1c,GHCNh_USW00012921_2018.parquet,/mnt/c/Users/fuent/OneDrive/Documents/MR1c/GHCNh_USW00012921_2018.parquet,1211725,2026-07-28T19:30:53Z,parquet,source data,raw retrieved source file or retrieval bundle,UNASSIGNED,,,PRIOR_HASH_MATCH,OneDrive/Documents/MR1c/hashes.csv,1,YES,REFERENCE_IN_PLACE_DO_NOT_COPY,,
b3dbe9fb2aeafa34075e36d677a0fb77eebaae9d632fc32fe06c840f24e77937,/mnt/c/Users/fuent/OneDrive/Documents/MR1c,GHCNh_USW00012921_2019.parquet,/mnt/c/Users/fuent/OneDrive/Documents/MR1c/GHCNh_USW00012921_2019.parquet,1192952,2026-07-28T19:30:53Z,parquet,source data,raw retrieved source file or retrieval bundle,UNASSIGNED,,,PRIOR_HASH_MATCH,OneDrive/Documents/MR1c/hashes.csv,1,YES,REFERENCE_IN_PLACE_DO_NOT_COPY,,
a172397650fba16cad0f25b7be93b155f65c0659603efaf214a6c757997b64f0,/mnt/c/Users/fuent/OneDrive/Documents/MR1c,GHCNh_USW00012921_2020.parquet,/mnt/c/Users/fuent/OneDrive/Documents/MR1c/GHCNh_USW00012921_2020.parquet,1167226,2026-07-28T19:30:53Z,parquet,source data,raw retrieved source file or retrieval bundle,UNASSIGNED,,,PRIOR_HASH_MATCH,OneDrive/Documents/MR1c/hashes.csv,1,YES,REFERENCE_IN_PLACE_DO_NOT_COPY,,
45dca671a45dc0b8a87b2af7b7aed65c46d80326c274959418ce6682901f0fcd,/mnt/c/Users/fuent/OneDrive/Documents/MR1c,GHCNh_USW00012921_2021.parquet,/mnt/c/Users/fuent/OneDrive/Documents/MR1c/GHCNh_USW00012921_2021.parquet,1219742,2026-07-28T19:30:54Z,parquet,source data,raw retrieved source file or retrieval bundle,UNASSIGNED,,,PRIOR_HASH_MATCH,OneDrive/Documents/MR1c/hashes.csv,1,YES,REFERENCE_IN_PLACE_DO_NOT_COPY,,
d06a2c11a07ca4500d2ab725b485e6f7c55e77492f0f233da7e2e2118f44bf96,/mnt/c/Users/fuent/OneDrive/Documents/MR1c,GHCNh_USW00012921_2022.parquet,/mnt/c/Users/fuent/OneDrive/Documents/MR1c/GHCNh_USW00012921_2022.parquet,1130932,2026-07-28T19:30:54Z,parquet,source data,raw retrieved source file or retrieval bundle,UNASSIGNED,,,PRIOR_HASH_MATCH,OneDrive/Documents/MR1c/hashes.csv,1,YES,REFERENCE_IN_PLACE_DO_NOT_COPY,,
c0d35350c852b1c33147082191becd12e6d6bbd6c49df00ddfc7a89bf4b27b6e,/mnt/c/Users/fuent/OneDrive/Documents/MR1c,GHCNh_USW00012921_2023.parquet,/mnt/c/Users/fuent/OneDrive/Documents/MR1c/GHCNh_USW00012921_2023.parquet,1143134,2026-07-28T19:30:54Z,parquet,source data,raw retrieved source file or retrieval bundle,UNASSIGNED,,,PRIOR_HASH_MATCH,OneDrive/Documents/MR1c/hashes.csv,1,YES,REFERENCE_IN_PLACE_DO_NOT_COPY,,
22f40d23b055fd38221e55b5df8ccd1df10d0f9726c3f1aa83c7c588f119222a,/mnt/c/Users/fuent/OneDrive/Documents/MR1c,GHCNh_USW00012921_2024.parquet,/mnt/c/Users/fuent/OneDrive/Documents/MR1c/GHCNh_USW00012921_2024.parquet,1175563,2026-07-28T19:30:55Z,parquet,source data,raw retrieved source file or retrieval bundle,UNASSIGNED,,,PRIOR_HASH_MATCH,OneDrive/Documents/MR1c/hashes.csv,1,YES,REFERENCE_IN_PLACE_DO_NOT_COPY,,
0c08462ca15b283163ae7fb6b1686458ee029d1a24ed05f9d46505d453ad29fa,/mnt/c/Users/fuent/OneDrive/Documents/MR1c,GHCNh_USW00012921_2025.parquet,/mnt/c/Users/fuent/OneDrive/Documents/MR1c/GHCNh_USW00012921_2025.parquet,1063910,2026-07-28T19:30:55Z,parquet,source data,raw retrieved source file or retrieval bundle,UNASSIGNED,,,PRIOR_HASH_MATCH,OneDrive/Documents/MR1c/hashes.csv,1,YES,REFERENCE_IN_PLACE_DO_NOT_COPY,,
c4378b8ddbaf291af9cb2fb89d24162425aadf66a1eb461f7440437367b3871c,/mnt/c/Users/fuent/OneDrive/Documents/MR1c,GHCNh_USW00012921_2026.parquet,/mnt/c/Users/fuent/OneDrive/Documents/MR1c/GHCNh_USW00012921_2026.parquet,1094262,2026-07-28T19:30:56Z,parquet,source data,raw retrieved source file or retrieval bundle,UNASSIGNED,,,PRIOR_HASH_MATCH,OneDrive/Documents/MR1c/hashes.csv,1,YES,REFERENCE_IN_PLACE_DO_NOT_COPY,,
88689c0e567580d870001d2f22ff3836f79ca60c400e945140326ee9e753e45a,/mnt/c/Users/fuent/OneDrive/Documents/MR1c,GHCNh_USW00012924_1995.parquet,/mnt/c/Users/fuent/OneDrive/Documents/MR1c/GHCNh_USW00012924_1995.parquet,562616,2026-07-28T19:33:20Z,parquet,source data,raw retrieved source file or retrieval bundle,UNASSIGNED,,,PRIOR_HASH_MATCH,OneDrive/Documents/MR1c/hashes.csv,1,YES,REFERENCE_IN_PLACE_DO_NOT_COPY,,
bc2643b33e27faf943de7dadf645e826dfdfd1110a0dc89f30e7aaa972807c43,/mnt/c/Users/fuent/OneDrive/Documents/MR1c,GHCNh_USW00012924_1996.parquet,/mnt/c/Users/fuent/OneDrive/Documents/MR1c/GHCNh_USW00012924_1996.parquet,631956,2026-07-28T19:33:20Z,parquet,source data,raw retrieved source file or retrieval bundle,UNASSIGNED,,,PRIOR_HASH_MATCH,OneDrive/Documents/MR1c/hashes.csv,1,YES,REFERENCE_IN_PLACE_DO_NOT_COPY,,
799f87b2d6b15a6b9b0a09b8b3408853a915db7359d146a68976fab587f59c7d,/mnt/c/Users/fuent/OneDrive/Documents/MR1c,GHCNh_USW00012924_1997.parquet,/mnt/c/Users/fuent/OneDrive/Documents/MR1c/GHCNh_USW00012924_1997.parquet,716523,2026-07-28T19:33:21Z,parquet,source data,raw retrieved source file or retrieval bundle,UNASSIGNED,,,PRIOR_HASH_MATCH,OneDrive/Documents/MR1c/hashes.csv,1,YES,REFERENCE_IN_PLACE_DO_NOT_COPY,,
3d30b9e6c55708522f091a1fe7b35e2e2e110db67428039436391c94cfbe138d,/mnt/c/Users/fuent/OneDrive/Documents/MR1c,GHCNh_USW00012924_1998.parquet,/mnt/c/Users/fuent/OneDrive/Documents/MR1c/GHCNh_USW00012924_1998.parquet,719712,2026-07-28T19:33:21Z,parquet,source data,raw retrieved source file or retrieval bundle,UNASSIGNED,,,PRIOR_HASH_MATCH,OneDrive/Documents/MR1c/hashes.csv,1,YES,REFERENCE_IN_PLACE_DO_NOT_COPY,,
9574fae0b90c8e1cbe1767f567a3bda8b19915bb561da0f158bed9a5447e872e,/mnt/c/Users/fuent/OneDrive/Documents/MR1c,GHCNh_USW00012924_1999.parquet,/mnt/c/Users/fuent/OneDrive/Documents/MR1c/GHCNh_USW00012924_1999.parquet,710181,2026-07-28T19:33:21Z,parquet,source data,raw retrieved source file or retrieval bundle,UNASSIGNED,,,PRIOR_HASH_MATCH,OneDrive/Documents/MR1c/hashes.csv,1,YES,REFERENCE_IN_PLACE_DO_NOT_COPY,,
cfa6874dd5bfd38de76d0d1bce0b0a6ec85ea4e7a164925239b933f5d6fd55ba,/mnt/c/Users/fuent/OneDrive/Documents/MR1c,GHCNh_USW00012924_2000.parquet,/mnt/c/Users/fuent/OneDrive/Documents/MR1c/GHCNh_USW00012924_2000.parquet,1026689,2026-07-28T19:33:22Z,parquet,source data,raw retrieved source file or retrieval bundle,UNASSIGNED,,,PRIOR_HASH_MATCH,OneDrive/Documents/MR1c/hashes.csv,1,YES,REFERENCE_IN_PLACE_DO_NOT_COPY,,
d78f62ab02aa2bfee7c4bf4c053788a4e7ea1d025b8e29ffcf3a601917d088b0,/mnt/c/Users/fuent/OneDrive/Documents/MR1c,GHCNh_USW00012924_2001.parquet,/mnt/c/Users/fuent/OneDrive/Documents/MR1c/GHCNh_USW00012924_2001.parquet,1053125,2026-07-28T19:33:22Z,parquet,source data,raw retrieved source file or retrieval bundle,UNASSIGNED,,,PRIOR_HASH_MATCH,OneDrive/Documents/MR1c/hashes.csv,1,YES,REFERENCE_IN_PLACE_DO_NOT_COPY,,
8b18c3ae5ba2a1f03faef5aa7d73ce0f3710cd523f96a59be02ef730a42979e9,/mnt/c/Users/fuent/OneDrive/Documents/MR1c,GHCNh_USW00012924_2002.parquet,/mnt/c/Users/fuent/OneDrive/Documents/MR1c/GHCNh_USW00012924_2002.parquet,1122668,2026-07-28T19:33:22Z,parquet,source data,raw retrieved source file or retrieval bundle,UNASSIGNED,,,PRIOR_HASH_MATCH,OneDrive/Documents/MR1c/hashes.csv,1,YES,REFERENCE_IN_PLACE_DO_NOT_COPY,,
11652b8b08a3d81a48c5cf95fdfae1d4048ab6a7d1a898e9c061075ba5e973c5,/mnt/c/Users/fuent/OneDrive/Documents/MR1c,GHCNh_USW00012924_2003.parquet,/mnt/c/Users/fuent/OneDrive/Documents/MR1c/GHCNh_USW00012924_2003.parquet,1180629,2026-07-28T19:33:23Z,parquet,source data,raw retrieved source file or retrieval bundle,UNASSIGNED,,,PRIOR_HASH_MATCH,OneDrive/Documents/MR1c/hashes.csv,1,YES,REFERENCE_IN_PLACE_DO_NOT_COPY,,
a373fe7309d1fd071c48ed5d8d4c09ecc8dc231b755d46d5535ebff1463208b2,/mnt/c/Users/fuent/OneDrive/Documents/MR1c,GHCNh_USW00012924_2004.parquet,/mnt/c/Users/fuent/OneDrive/Documents/MR1c/GHCNh_USW00012924_2004.parquet,1208314,2026-07-28T19:33:24Z,parquet,source data,raw retrieved source file or retrieval bundle,UNASSIGNED,,,PRIOR_HASH_MATCH,OneDrive/Documents/MR1c/hashes.csv,1,YES,REFERENCE_IN_PLACE_DO_NOT_COPY,,
ca2a8ec897341b3ab64423536b8cffc704b3d06b9e44a566d02a7449c03d47a8,/mnt/c/Users/fuent/OneDrive/Documents/MR1c,GHCNh_USW00012924_2005.parquet,/mnt/c/Users/fuent/OneDrive/Documents/MR1c/GHCNh_USW00012924_2005.parquet,1168520,2026-07-28T19:33:24Z,parquet,source data,raw retrieved source file or retrieval bundle,UNASSIGNED,,,PRIOR_HASH_MATCH,OneDrive/Documents/MR1c/hashes.csv,1,YES,REFERENCE_IN_PLACE_DO_NOT_COPY,,
b02c47414ff23836ab1427dc5b75fbe939e4d628f023f38a7d4c630cb690ad9a,/mnt/c/Users/fuent/OneDrive/Documents/MR1c,GHCNh_USW00012924_2006.parquet,/mnt/c/Users/fuent/OneDrive/Documents/MR1c/GHCNh_USW00012924_2006.parquet,1186485,2026-07-28T19:33:25Z,parquet,source data,raw retrieved source file or retrieval bundle,UNASSIGNED,,,PRIOR_HASH_MATCH,OneDrive/Documents/MR1c/hashes.csv,1,YES,REFERENCE_IN_PLACE_DO_NOT_COPY,,
506060a6a87f5f5fdb3bf21d6d92eff0190b33a3c171a466ca196b7f8931732b,/mnt/c/Users/fuent/OneDrive/Documents/MR1c,GHCNh_USW00012924_2007.parquet,/mnt/c/Users/fuent/OneDrive/Documents/MR1c/GHCNh_USW00012924_2007.parquet,1248255,2026-07-28T19:33:25Z,parquet,source data,raw retrieved source file or retrieval bundle,UNASSIGNED,,,PRIOR_HASH_MATCH,OneDrive/Documents/MR1c/hashes.csv,1,YES,REFERENCE_IN_PLACE_DO_NOT_COPY,,
42dd043202a6b5fcdcb68c5fa08ef0785a58bed459a4bd9350ab1403e138472f,/mnt/c/Users/fuent/OneDrive/Documents/MR1c,GHCNh_USW00012924_2008.parquet,/mnt/c/Users/fuent/OneDrive/Documents/MR1c/GHCNh_USW00012924_2008.parquet,1177921,2026-07-28T19:33:25Z,parquet,source data,raw retrieved source file or retrieval bundle,UNASSIGNED,,,PRIOR_HASH_MATCH,OneDrive/Documents/MR1c/hashes.csv,1,YES,REFERENCE_IN_PLACE_DO_NOT_COPY,,
2e67fb41220a84148f23cb5084ae62a8b6092408094d5aba1e2f1e3ad2a6f2d1,/mnt/c/Users/fuent/OneDrive/Documents/MR1c,GHCNh_USW00012924_2009.parquet,/mnt/c/Users/fuent/OneDrive/Documents/MR1c/GHCNh_USW00012924_2009.parquet,1123186,2026-07-28T19:33:25Z,parquet,source data,raw retrieved source file or retrieval bundle,UNASSIGNED,,,PRIOR_HASH_MATCH,OneDrive/Documents/MR1c/hashes.csv,1,YES,REFERENCE_IN_PLACE_DO_NOT_COPY,,
f62db9c0053ec40b0c80c66e017519124d7ecaa78c2fc70dc1aff3992b3c39ba,/mnt/c/Users/fuent/OneDrive/Documents/MR1c,GHCNh_USW00012924_2010.parquet,/mnt/c/Users/fuent/OneDrive/Documents/MR1c/GHCNh_USW00012924_2010.parquet,1153458,2026-07-28T19:33:26Z,parquet,source data,raw retrieved source file or retrieval bundle,UNASSIGNED,,,PRIOR_HASH_MATCH,OneDrive/Documents/MR1c/hashes.csv,1,YES,REFERENCE_IN_PLACE_DO_NOT_COPY,,
0531d72480a7e2f74c5b6debbbcb82cc3e1008b435281a3c549c6c1b0fab92c3,/mnt/c/Users/fuent/OneDrive/Documents/MR1c,GHCNh_USW00012924_2011.parquet,/mnt/c/Users/fuent/OneDrive/Documents/MR1c/GHCNh_USW00012924_2011.parquet,1095513,2026-07-28T19:33:26Z,parquet,source data,raw retrieved source file or retrieval bundle,UNASSIGNED,,,PRIOR_HASH_MATCH,OneDrive/Documents/MR1c/hashes.csv,1,YES,REFERENCE_IN_PLACE_DO_NOT_COPY,,
cfd0acef127d6119f03c6c45435aa136871ae3367971a3e1673f4a2cf19a2c55,/mnt/c/Users/fuent/OneDrive/Documents/MR1c,GHCNh_USW00012924_2012.parquet,/mnt/c/Users/fuent/OneDrive/Documents/MR1c/GHCNh_USW00012924_2012.parquet,1043874,2026-07-28T19:33:26Z,parquet,source data,raw retrieved source file or retrieval bundle,UNASSIGNED,,,PRIOR_HASH_MATCH,OneDrive/Documents/MR1c/hashes.csv,1,YES,REFERENCE_IN_PLACE_DO_NOT_COPY,,
ee7e1bdaba7c297123987a80d27d30a4f44ccb7dcaf4d6a01a9b2f32c01fd162,/mnt/c/Users/fuent/OneDrive/Documents/MR1c,GHCNh_USW00012924_2013.parquet,/mnt/c/Users/fuent/OneDrive/Documents/MR1c/GHCNh_USW00012924_2013.parquet,1096965,2026-07-28T19:33:26Z,parquet,source data,raw retrieved source file or retrieval bundle,UNASSIGNED,,,PRIOR_HASH_MATCH,OneDrive/Documents/MR1c/hashes.csv,1,YES,REFERENCE_IN_PLACE_DO_NOT_COPY,,
19fc34f71d19cd15cff85784513fa2b79f6736f0896692ea9499929fbb029c9f,/mnt/c/Users/fuent/OneDrive/Documents/MR1c,GHCNh_USW00012924_2014.parquet,/mnt/c/Users/fuent/OneDrive/Documents/MR1c/GHCNh_USW00012924_2014.parquet,1212765,2026-07-28T19:33:26Z,parquet,source data,raw retrieved source file or retrieval bundle,UNASSIGNED,,,PRIOR_HASH_MATCH,OneDrive/Documents/MR1c/hashes.csv,1,YES,REFERENCE_IN_PLACE_DO_NOT_COPY,,
9c9e2eb99eaa7764f5057ee4fd5d07857d6bf03d8e39b333f3e7f4ff125c9475,/mnt/c/Users/fuent/OneDrive/Documents/MR1c,GHCNh_USW00012924_2015.parquet,/mnt/c/Users/fuent/OneDrive/Documents/MR1c/GHCNh_USW00012924_2015.parquet,1196265,2026-07-28T19:33:27Z,parquet,source data,raw retrieved source file or retrieval bundle,UNASSIGNED,,,PRIOR_HASH_MATCH,OneDrive/Documents/MR1c/hashes.csv,1,YES,REFERENCE_IN_PLACE_DO_NOT_COPY,,
a6dbb328178920048d137648eba7a9dfe99900866c32a5f0cdbe5bed3b64291f,/mnt/c/Users/fuent/OneDrive/Documents/MR1c,GHCNh_USW00012924_2016.parquet,/mnt/c/Users/fuent/OneDrive/Documents/MR1c/GHCNh_USW00012924_2016.parquet,1176401,2026-07-28T19:33:27Z,parquet,source data,raw retrieved source file or retrieval bundle,UNASSIGNED,,,PRIOR_HASH_MATCH,OneDrive/Documents/MR1c/hashes.csv,1,YES,REFERENCE_IN_PLACE_DO_NOT_COPY,,
8b7f8f5cf20961a7ede71b1d82b710c0d504d9fe619b9d6882b88de00d0518ed,/mnt/c/Users/fuent/OneDrive/Documents/MR1c,GHCNh_USW00012924_2017.parquet,/mnt/c/Users/fuent/OneDrive/Documents/MR1c/GHCNh_USW00012924_2017.parquet,1140530,2026-07-28T19:33:27Z,parquet,source data,raw retrieved source file or retrieval bundle,UNASSIGNED,,,PRIOR_HASH_MATCH,OneDrive/Documents/MR1c/hashes.csv,1,YES,REFERENCE_IN_PLACE_DO_NOT_COPY,,
a7b9e3df03794cfeb5bd1906ff31d8c796fdd0c08b5ec2cd7974fd4b63705a7d,/mnt/c/Users/fuent/OneDrive/Documents/MR1c,GHCNh_USW00012924_2018.parquet,/mnt/c/Users/fuent/OneDrive/Documents/MR1c/GHCNh_USW00012924_2018.parquet,1212168,2026-07-28T19:33:27Z,parquet,source data,raw retrieved source file or retrieval bundle,UNASSIGNED,,,PRIOR_HASH_MATCH,OneDrive/Documents/MR1c/hashes.csv,1,YES,REFERENCE_IN_PLACE_DO_NOT_COPY,,
f12db263dcc9ea0cac16a622becda9b434dfc7c915ed4a49b326b21c1ab01a0e,/mnt/c/Users/fuent/OneDrive/Documents/MR1c,GHCNh_USW00012924_2019.parquet,/mnt/c/Users/fuent/OneDrive/Documents/MR1c/GHCNh_USW00012924_2019.parquet,1195028,2026-07-28T19:33:27Z,parquet,source data,raw retrieved source file or retrieval bundle,UNASSIGNED,,,PRIOR_HASH_MATCH,OneDrive/Documents/MR1c/hashes.csv,1,YES,REFERENCE_IN_PLACE_DO_NOT_COPY,,
6d126107a4a4f6eb92a9a6cea41aa17eb0a0f88a06cb16b4d46018b7fd08dfbb,/mnt/c/Users/fuent/OneDrive/Documents/MR1c,GHCNh_USW00012924_2020.parquet,/mnt/c/Users/fuent/OneDrive/Documents/MR1c/GHCNh_USW00012924_2020.parquet,1186954,2026-07-28T19:33:27Z,parquet,source data,raw retrieved source file or retrieval bundle,UNASSIGNED,,,PRIOR_HASH_MATCH,OneDrive/Documents/MR1c/hashes.csv,1,YES,REFERENCE_IN_PLACE_DO_NOT_COPY,,
adcae3da373e79bfea8d255b917f73c5eff365ed2542eafea0d42323fc19beb2,/mnt/c/Users/fuent/OneDrive/Documents/MR1c,GHCNh_USW00012924_2021.parquet,/mnt/c/Users/fuent/OneDrive/Documents/MR1c/GHCNh_USW00012924_2021.parquet,1240463,2026-07-28T19:33:28Z,parquet,source data,raw retrieved source file or retrieval bundle,UNASSIGNED,,,PRIOR_HASH_MATCH,OneDrive/Documents/MR1c/hashes.csv,1,YES,REFERENCE_IN_PLACE_DO_NOT_COPY,,
bcb741e2c8c2790dad9677ba62b4a8abfe08e20535d0f8c6bb2b436d7b5a718a,/mnt/c/Users/fuent/OneDrive/Documents/MR1c,GHCNh_USW00012924_2022.parquet,/mnt/c/Users/fuent/OneDrive/Documents/MR1c/GHCNh_USW00012924_2022.parquet,1191337,2026-07-28T19:33:28Z,parquet,source data,raw retrieved source file or retrieval bundle,UNASSIGNED,,,PRIOR_HASH_MATCH,OneDrive/Documents/MR1c/hashes.csv,1,YES,REFERENCE_IN_PLACE_DO_NOT_COPY,,
90dc86dc0489ccd7e9c71c2eb5e4dbb4443a139c1a262fb8b1a70e4b79a830c8,/mnt/c/Users/fuent/OneDrive/Documents/MR1c,GHCNh_USW00012924_2023.parquet,/mnt/c/Users/fuent/OneDrive/Documents/MR1c/GHCNh_USW00012924_2023.parquet,1176394,2026-07-28T19:33:28Z,parquet,source data,raw retrieved source file or retrieval bundle,UNASSIGNED,,,PRIOR_HASH_MATCH,OneDrive/Documents/MR1c/hashes.csv,1,YES,REFERENCE_IN_PLACE_DO_NOT_COPY,,
1409d82e07fc38ae20529a7186fd691a008cd3b1df7dbd7476e6ff834ab4f9e5,/mnt/c/Users/fuent/OneDrive/Documents/MR1c,GHCNh_USW00012924_2024.parquet,/mnt/c/Users/fuent/OneDrive/Documents/MR1c/GHCNh_USW00012924_2024.parquet,1291158,2026-07-28T19:33:28Z,parquet,source data,raw retrieved source file or retrieval bundle,UNASSIGNED,,,PRIOR_HASH_MATCH,OneDrive/Documents/MR1c/hashes.csv,1,YES,REFERENCE_IN_PLACE_DO_NOT_COPY,,
e55391aa87931513f43648a23f09476f413b277555832e6a539e887d151f4f5f,/mnt/c/Users/fuent/OneDrive/Documents/MR1c,GHCNh_USW00012924_2025.parquet,/mnt/c/Users/fuent/OneDrive/Documents/MR1c/GHCNh_USW00012924_2025.parquet,1185166,2026-07-28T19:33:28Z,parquet,source data,raw retrieved source file or retrieval bundle,UNASSIGNED,,,PRIOR_HASH_MATCH,OneDrive/Documents/MR1c/hashes.csv,1,YES,REFERENCE_IN_PLACE_DO_NOT_COPY,,
ac9ef916d4969e330ecf5856b6ffbd1cc57ff79056e5586412f539c7d0888260,/mnt/c/Users/fuent/OneDrive/Documents/MR1c,GHCNh_USW00012924_2026.parquet,/mnt/c/Users/fuent/OneDrive/Documents/MR1c/GHCNh_USW00012924_2026.parquet,1196533,2026-07-28T19:33:28Z,parquet,source data,raw retrieved source file or retrieval bundle,UNASSIGNED,,,PRIOR_HASH_MATCH,OneDrive/Documents/MR1c/hashes.csv,1,YES,REFERENCE_IN_PLACE_DO_NOT_COPY,,
b0c6a2c9337c42aff9d2f609253bf468682f86fb19b505c72be48ef741a607e3,/mnt/c/Users/fuent/OneDrive/Documents/MR1c,GHCNh_USW00012960_1995.parquet,/mnt/c/Users/fuent/OneDrive/Documents/MR1c/GHCNh_USW00012960_1995.parquet,605533,2026-07-28T19:30:31Z,parquet,source data,raw retrieved source file or retrieval bundle,UNASSIGNED,,,PRIOR_HASH_MATCH,OneDrive/Documents/MR1c/hashes.csv,1,YES,REFERENCE_IN_PLACE_DO_NOT_COPY,,
a98deaf403be5a69fb7c5c41cf73545eb728e7fca66d41e8abefe68191a0d020,/mnt/c/Users/fuent/OneDrive/Documents/MR1c,GHCNh_USW00012960_1996.parquet,/mnt/c/Users/fuent/OneDrive/Documents/MR1c/GHCNh_USW00012960_1996.parquet,705223,2026-07-28T19:30:31Z,parquet,source data,raw retrieved source file or retrieval bundle,UNASSIGNED,,,PRIOR_HASH_MATCH,OneDrive/Documents/MR1c/hashes.csv,1,YES,REFERENCE_IN_PLACE_DO_NOT_COPY,,
cc680df5a8909f5af4ee4a8d5e0c6cfab1d64cde46ae4ce0f390e79a39cf8d25,/mnt/c/Users/fuent/OneDrive/Documents/MR1c,GHCNh_USW00012960_1997.parquet,/mnt/c/Users/fuent/OneDrive/Documents/MR1c/GHCNh_USW00012960_1997.parquet,741390,2026-07-28T19:30:32Z,parquet,source data,raw retrieved source file or retrieval bundle,UNASSIGNED,,,PRIOR_HASH_MATCH,OneDrive/Documents/MR1c/hashes.csv,1,YES,REFERENCE_IN_PLACE_DO_NOT_COPY,,
55004eb7788b2a62f94bb0e62b5266cefa06a463d9b054a1fb213404e09b909b,/mnt/c/Users/fuent/OneDrive/Documents/MR1c,GHCNh_USW00012960_1998.parquet,/mnt/c/Users/fuent/OneDrive/Documents/MR1c/GHCNh_USW00012960_1998.parquet,717597,2026-07-28T19:30:32Z,parquet,source data,raw retrieved source file or retrieval bundle,UNASSIGNED,,,PRIOR_HASH_MATCH,OneDrive/Documents/MR1c/hashes.csv,1,YES,REFERENCE_IN_PLACE_DO_NOT_COPY,,
4b21357e067410de04d564bd65e62863dc8d0a72100dab1f6fe2af6fb07ee8c4,/mnt/c/Users/fuent/OneDrive/Documents/MR1c,GHCNh_USW00012960_1999.parquet,/mnt/c/Users/fuent/OneDrive/Documents/MR1c/GHCNh_USW00012960_1999.parquet,705340,2026-07-28T19:30:33Z,parquet,source data,raw retrieved source file or retrieval bundle,UNASSIGNED,,,PRIOR_HASH_MATCH,OneDrive/Documents/MR1c/hashes.csv,1,YES,REFERENCE_IN_PLACE_DO_NOT_COPY,,
f3bd947d82ed4f5c7f036d1e89475638aa395a6b67813b839c8e7da5223d9d03,/mnt/c/Users/fuent/OneDrive/Documents/MR1c,GHCNh_USW00012960_2000.parquet,/mnt/c/Users/fuent/OneDrive/Documents/MR1c/GHCNh_USW00012960_2000.parquet,1081848,2026-07-28T19:30:33Z,parquet,source data,raw retrieved source file or retrieval bundle,UNASSIGNED,,,PRIOR_HASH_MATCH,OneDrive/Documents/MR1c/hashes.csv,1,YES,REFERENCE_IN_PLACE_DO_NOT_COPY,,
def40aaf98394456971e5c18675cf04cd8c95cda065ebd2041dfd6db521d5003,/mnt/c/Users/fuent/OneDrive/Documents/MR1c,GHCNh_USW00012960_2001.parquet,/mnt/c/Users/fuent/OneDrive/Documents/MR1c/GHCNh_USW00012960_2001.parquet,1084336,2026-07-28T19:30:34Z,parquet,source data,raw retrieved source file or retrieval bundle,UNASSIGNED,,,PRIOR_HASH_MATCH,OneDrive/Documents/MR1c/hashes.csv,1,YES,REFERENCE_IN_PLACE_DO_NOT_COPY,,
94faae194456cc593497d82d30d2a0677ee71b23be17b220525bd03232c5e6fa,/mnt/c/Users/fuent/OneDrive/Documents/MR1c,GHCNh_USW00012960_2002.parquet,/mnt/c/Users/fuent/OneDrive/Documents/MR1c/GHCNh_USW00012960_2002.parquet,964679,2026-07-28T19:30:34Z,parquet,source data,raw retrieved source file or retrieval bundle,UNASSIGNED,,,PRIOR_HASH_MATCH,OneDrive/Documents/MR1c/hashes.csv,1,YES,REFERENCE_IN_PLACE_DO_NOT_COPY,,
fcf95a447ef435c0ea2285397b6cbaebb37b960b6177891843cc2c89a5177d4d,/mnt/c/Users/fuent/OneDrive/Documents/MR1c,GHCNh_USW00012960_2003.parquet,/mnt/c/Users/fuent/OneDrive/Documents/MR1c/GHCNh_USW00012960_2003.parquet,1018046,2026-07-28T19:30:34Z,parquet,source data,raw retrieved source file or retrieval bundle,UNASSIGNED,,,PRIOR_HASH_MATCH,OneDrive/Documents/MR1c/hashes.csv,1,YES,REFERENCE_IN_PLACE_DO_NOT_COPY,,
94196371f0eee207b881c2ad6e941741bcec423d680db47f8742de6939e31933,/mnt/c/Users/fuent/OneDrive/Documents/MR1c,GHCNh_USW00012960_2004.parquet,/mnt/c/Users/fuent/OneDrive/Documents/MR1c/GHCNh_USW00012960_2004.parquet,1101847,2026-07-28T19:30:35Z,parquet,source data,raw retrieved source file or retrieval bundle,UNASSIGNED,,,PRIOR_HASH_MATCH,OneDrive/Documents/MR1c/hashes.csv,1,YES,REFERENCE_IN_PLACE_DO_NOT_COPY,,
fb469f9b3d78ccfe53dd044cf616ea6e8f782a53b07a6f40821e633e02bf584a,/mnt/c/Users/fuent/OneDrive/Documents/MR1c,GHCNh_USW00012960_2005.parquet,/mnt/c/Users/fuent/OneDrive/Documents/MR1c/GHCNh_USW00012960_2005.parquet,1120201,2026-07-28T19:30:35Z,parquet,source data,raw retrieved source file or retrieval bundle,UNASSIGNED,,,PRIOR_HASH_MATCH,OneDrive/Documents/MR1c/hashes.csv,1,YES,REFERENCE_IN_PLACE_DO_NOT_COPY,,
2f4730ed8feb488c50ebb42d3caf7045bdf316496e672cf718fa4e51f0d08c6b,/mnt/c/Users/fuent/OneDrive/Documents/MR1c,GHCNh_USW00012960_2006.parquet,/mnt/c/Users/fuent/OneDrive/Documents/MR1c/GHCNh_USW00012960_2006.parquet,1198777,2026-07-28T19:30:36Z,parquet,source data,raw retrieved source file or retrieval bundle,UNASSIGNED,,,PRIOR_HASH_MATCH,OneDrive/Documents/MR1c/hashes.csv,1,YES,REFERENCE_IN_PLACE_DO_NOT_COPY,,
89fde4348d1c7b6e9a1f1455e6d36e9ea96ea065df5787c8e201782f7745b588,/mnt/c/Users/fuent/OneDrive/Documents/MR1c,GHCNh_USW00012960_2007.parquet,/mnt/c/Users/fuent/OneDrive/Documents/MR1c/GHCNh_USW00012960_2007.parquet,1268650,2026-07-28T19:30:36Z,parquet,source data,raw retrieved source file or retrieval bundle,UNASSIGNED,,,PRIOR_HASH_MATCH,OneDrive/Documents/MR1c/hashes.csv,1,YES,REFERENCE_IN_PLACE_DO_NOT_COPY,,
c125ee9afa4509c67f08e3fc79871c57c72c98b9d7b18b204e06ea00e10b2482,/mnt/c/Users/fuent/OneDrive/Documents/MR1c,GHCNh_USW00012960_2008.parquet,/mnt/c/Users/fuent/OneDrive/Documents/MR1c/GHCNh_USW00012960_2008.parquet,1168729,2026-07-28T19:30:37Z,parquet,source data,raw retrieved source file or retrieval bundle,UNASSIGNED,,,PRIOR_HASH_MATCH,OneDrive/Documents/MR1c/hashes.csv,1,YES,REFERENCE_IN_PLACE_DO_NOT_COPY,,
2fe1a263b2ccf4bf70e7e26b20e64d82c9e64be5fc93e1e519736bb3383d97d9,/mnt/c/Users/fuent/OneDrive/Documents/MR1c,GHCNh_USW00012960_2009.parquet,/mnt/c/Users/fuent/OneDrive/Documents/MR1c/GHCNh_USW00012960_2009.parquet,1162805,2026-07-28T19:30:37Z,parquet,source data,raw retrieved source file or retrieval bundle,UNASSIGNED,,,PRIOR_HASH_MATCH,OneDrive/Documents/MR1c/hashes.csv,1,YES,REFERENCE_IN_PLACE_DO_NOT_COPY,,
79dab5a23184f7c7e1add60aa99d4512eaf17e0185117f183bb69afede31dd49,/mnt/c/Users/fuent/OneDrive/Documents/MR1c,GHCNh_USW00012960_2010.parquet,/mnt/c/Users/fuent/OneDrive/Documents/MR1c/GHCNh_USW00012960_2010.parquet,1107483,2026-07-28T19:30:38Z,parquet,source data,raw retrieved source file or retrieval bundle,UNASSIGNED,,,PRIOR_HASH_MATCH,OneDrive/Documents/MR1c/hashes.csv,1,YES,REFERENCE_IN_PLACE_DO_NOT_COPY,,
c02a53be7854ac1e88630d508320aeea705fb12facd665a9a3544ccec17bc0e8,/mnt/c/Users/fuent/OneDrive/Documents/MR1c,GHCNh_USW00012960_2011.parquet,/mnt/c/Users/fuent/OneDrive/Documents/MR1c/GHCNh_USW00012960_2011.parquet,1089209,2026-07-28T19:30:38Z,parquet,source data,raw retrieved source file or retrieval bundle,UNASSIGNED,,,PRIOR_HASH_MATCH,OneDrive/Documents/MR1c/hashes.csv,1,YES,REFERENCE_IN_PLACE_DO_NOT_COPY,,
4e26812d5473b924af209bf55a75079c3ee574e5abcb7b8a886f88479c827e93,/mnt/c/Users/fuent/OneDrive/Documents/MR1c,GHCNh_USW00012960_2012.parquet,/mnt/c/Users/fuent/OneDrive/Documents/MR1c/GHCNh_USW00012960_2012.parquet,1074374,2026-07-28T19:30:38Z,parquet,source data,raw retrieved source file or retrieval bundle,UNASSIGNED,,,PRIOR_HASH_MATCH,OneDrive/Documents/MR1c/hashes.csv,1,YES,REFERENCE_IN_PLACE_DO_NOT_COPY,,
82df6a0425191e2b649d325df7c6fc6af6f079bdb3a460cb68123e045621d9bf,/mnt/c/Users/fuent/OneDrive/Documents/MR1c,GHCNh_USW00012960_2013.parquet,/mnt/c/Users/fuent/OneDrive/Documents/MR1c/GHCNh_USW00012960_2013.parquet,1068684,2026-07-28T19:30:39Z,parquet,source data,raw retrieved source file or retrieval bundle,UNASSIGNED,,,PRIOR_HASH_MATCH,OneDrive/Documents/MR1c/hashes.csv,1,YES,REFERENCE_IN_PLACE_DO_NOT_COPY,,
4950ae4b483fad46dc3e2f65ec135d793ec8755cce4b9a94c67093f4a9c393f1,/mnt/c/Users/fuent/OneDrive/Documents/MR1c,GHCNh_USW00012960_2014.parquet,/mnt/c/Users/fuent/OneDrive/Documents/MR1c/GHCNh_USW00012960_2014.parquet,1114977,2026-07-28T19:30:39Z,parquet,source data,raw retrieved source file or retrieval bundle,UNASSIGNED,,,PRIOR_HASH_MATCH,OneDrive/Documents/MR1c/hashes.csv,1,YES,REFERENCE_IN_PLACE_DO_NOT_COPY,,
7c72165ae1e04694233aac2ef28750cb051ea84f0b8df6cb3d93dcc1042bab5a,/mnt/c/Users/fuent/OneDrive/Documents/MR1c,GHCNh_USW00012960_2015.parquet,/mnt/c/Users/fuent/OneDrive/Documents/MR1c/GHCNh_USW00012960_2015.parquet,1078505,2026-07-28T19:30:39Z,parquet,source data,raw retrieved source file or retrieval bundle,UNASSIGNED,,,PRIOR_HASH_MATCH,OneDrive/Documents/MR1c/hashes.csv,1,YES,REFERENCE_IN_PLACE_DO_NOT_COPY,,
93a58e8be9b9e83667fa369b6b0236464061d099d9a2527c95a872bc80423c68,/mnt/c/Users/fuent/OneDrive/Documents/MR1c,GHCNh_USW00012960_2016.parquet,/mnt/c/Users/fuent/OneDrive/Documents/MR1c/GHCNh_USW00012960_2016.parquet,1090039,2026-07-28T19:30:40Z,parquet,source data,raw retrieved source file or retrieval bundle,UNASSIGNED,,,PRIOR_HASH_MATCH,OneDrive/Documents/MR1c/hashes.csv,1,YES,REFERENCE_IN_PLACE_DO_NOT_COPY,,
484974285af73b72e425702ceaac4f4fddaeeb0a560d28a666a5184a7a8390be,/mnt/c/Users/fuent/OneDrive/Documents/MR1c,GHCNh_USW00012960_2017.parquet,/mnt/c/Users/fuent/OneDrive/Documents/MR1c/GHCNh_USW00012960_2017.parquet,1103193,2026-07-28T19:30:40Z,parquet,source data,raw retrieved source file or retrieval bundle,UNASSIGNED,,,PRIOR_HASH_MATCH,OneDrive/Documents/MR1c/hashes.csv,1,YES,REFERENCE_IN_PLACE_DO_NOT_COPY,,
0013ddfd5a8ee78f84efc87e3acff4fa654e6543f4862762cdf6aabdfa019771,/mnt/c/Users/fuent/OneDrive/Documents/MR1c,GHCNh_USW00012960_2018.parquet,/mnt/c/Users/fuent/OneDrive/Documents/MR1c/GHCNh_USW00012960_2018.parquet,1114543,2026-07-28T19:30:40Z,parquet,source data,raw retrieved source file or retrieval bundle,UNASSIGNED,,,PRIOR_HASH_MATCH,OneDrive/Documents/MR1c/hashes.csv,1,YES,REFERENCE_IN_PLACE_DO_NOT_COPY,,
091074f7b5a5268129c1490463309249353b16f95cc13e0f4ee381579bfcd8d6,/mnt/c/Users/fuent/OneDrive/Documents/MR1c,GHCNh_USW00012960_2019.parquet,/mnt/c/Users/fuent/OneDrive/Documents/MR1c/GHCNh_USW00012960_2019.parquet,1086465,2026-07-28T19:30:41Z,parquet,source data,raw retrieved source file or retrieval bundle,UNASSIGNED,,,PRIOR_HASH_MATCH,OneDrive/Documents/MR1c/hashes.csv,1,YES,REFERENCE_IN_PLACE_DO_NOT_COPY,,
ff69729848bff443e06b095a682cd30f0c11fb4102fe3d15ae176a8b0a8d226a,/mnt/c/Users/fuent/OneDrive/Documents/MR1c,GHCNh_USW00012960_2020.parquet,/mnt/c/Users/fuent/OneDrive/Documents/MR1c/GHCNh_USW00012960_2020.parquet,1094200,2026-07-28T19:30:41Z,parquet,source data,raw retrieved source file or retrieval bundle,UNASSIGNED,,,PRIOR_HASH_MATCH,OneDrive/Documents/MR1c/hashes.csv,1,YES,REFERENCE_IN_PLACE_DO_NOT_COPY,,
9fb248811f4a7ea76e73e6f5d8ecf7064b222f5d047a46127038802657eaf95f,/mnt/c/Users/fuent/OneDrive/Documents/MR1c,GHCNh_USW00012960_2021.parquet,/mnt/c/Users/fuent/OneDrive/Documents/MR1c/GHCNh_USW00012960_2021.parquet,1098335,2026-07-28T19:30:41Z,parquet,source data,raw retrieved source file or retrieval bundle,UNASSIGNED,,,PRIOR_HASH_MATCH,OneDrive/Documents/MR1c/hashes.csv,1,YES,REFERENCE_IN_PLACE_DO_NOT_COPY,,
f7025d86e4323f5b6ed7d5cb401c4d6d0624a265d30fd16291e68db44b6a2c3a,/mnt/c/Users/fuent/OneDrive/Documents/MR1c,GHCNh_USW00012960_2022.parquet,/mnt/c/Users/fuent/OneDrive/Documents/MR1c/GHCNh_USW00012960_2022.parquet,1030318,2026-07-28T19:30:42Z,parquet,source data,raw retrieved source file or retrieval bundle,UNASSIGNED,,,PRIOR_HASH_MATCH,OneDrive/Documents/MR1c/hashes.csv,1,YES,REFERENCE_IN_PLACE_DO_NOT_COPY,,
cb4c7b4052c37c4340ca3f736693b273dd73dd92d807cc76c2e084ba045b4645,/mnt/c/Users/fuent/OneDrive/Documents/MR1c,GHCNh_USW00012960_2023.parquet,/mnt/c/Users/fuent/OneDrive/Documents/MR1c/GHCNh_USW00012960_2023.parquet,1042209,2026-07-28T19:30:42Z,parquet,source data,raw retrieved source file or retrieval bundle,UNASSIGNED,,,PRIOR_HASH_MATCH,OneDrive/Documents/MR1c/hashes.csv,1,YES,REFERENCE_IN_PLACE_DO_NOT_COPY,,
64a2ddf3f4dae884b89d8f4eae211e5a2a4512ac1127bfd5750c0985f3642b6d,/mnt/c/Users/fuent/OneDrive/Documents/MR1c,GHCNh_USW00012960_2024.parquet,/mnt/c/Users/fuent/OneDrive/Documents/MR1c/GHCNh_USW00012960_2024.parquet,1169213,2026-07-28T19:30:43Z,parquet,source data,raw retrieved source file or retrieval bundle,UNASSIGNED,,,PRIOR_HASH_MATCH,OneDrive/Documents/MR1c/hashes.csv,1,YES,REFERENCE_IN_PLACE_DO_NOT_COPY,,
a7a9ad031ab115949de648a733e3065cf7f448c9f77c27f677fc614320af498c,/mnt/c/Users/fuent/OneDrive/Documents/MR1c,GHCNh_USW00012960_2025.parquet,/mnt/c/Users/fuent/OneDrive/Documents/MR1c/GHCNh_USW00012960_2025.parquet,1052200,2026-07-28T19:30:43Z,parquet,source data,raw retrieved source file or retrieval bundle,UNASSIGNED,,,PRIOR_HASH_MATCH,OneDrive/Documents/MR1c/hashes.csv,1,YES,REFERENCE_IN_PLACE_DO_NOT_COPY,,
6ea4dfcacf7b6f329c16ce11d8422c2796ccaaf0f7b2a5cb36368a0289d0dda7,/mnt/c/Users/fuent/OneDrive/Documents/MR1c,GHCNh_USW00012960_2026.parquet,/mnt/c/Users/fuent/OneDrive/Documents/MR1c/GHCNh_USW00012960_2026.parquet,1097577,2026-07-28T19:30:43Z,parquet,source data,raw retrieved source file or retrieval bundle,UNASSIGNED,,,PRIOR_HASH_MATCH,OneDrive/Documents/MR1c/hashes.csv,1,YES,REFERENCE_IN_PLACE_DO_NOT_COPY,,
9ffb7f45f71547838ad6e9e648423d8dcd01f4ecf66fd39c664652e82f8b39dc,/mnt/c/Users/fuent/OneDrive/Documents/MR1c,GHCNh_USW00013904_1995.parquet,/mnt/c/Users/fuent/OneDrive/Documents/MR1c/GHCNh_USW00013904_1995.parquet,421658,2026-07-28T19:30:56Z,parquet,source data,raw retrieved source file or retrieval bundle,UNASSIGNED,,,PRIOR_HASH_MATCH,OneDrive/Documents/MR1c/hashes.csv,1,YES,REFERENCE_IN_PLACE_DO_NOT_COPY,,
6f18f099e662583594160be76339c2e5c0150fcd112e0ac4cc007fe7a385b54a,/mnt/c/Users/fuent/OneDrive/Documents/MR1c,GHCNh_USW00013904_1996.parquet,/mnt/c/Users/fuent/OneDrive/Documents/MR1c/GHCNh_USW00013904_1996.parquet,399988,2026-07-28T19:30:56Z,parquet,source data,raw retrieved source file or retrieval bundle,UNASSIGNED,,,PRIOR_HASH_MATCH,OneDrive/Documents/MR1c/hashes.csv,1,YES,REFERENCE_IN_PLACE_DO_NOT_COPY,,
0b64c2f9db5a5464da05ead3a9501c05ed17b3099eee0d65a31410e19a0077ab,/mnt/c/Users/fuent/OneDrive/Documents/MR1c,GHCNh_USW00013904_1997.parquet,/mnt/c/Users/fuent/OneDrive/Documents/MR1c/GHCNh_USW00013904_1997.parquet,456119,2026-07-28T19:30:56Z,parquet,source data,raw retrieved source file or retrieval bundle,UNASSIGNED,,,PRIOR_HASH_MATCH,OneDrive/Documents/MR1c/hashes.csv,1,YES,REFERENCE_IN_PLACE_DO_NOT_COPY,,
94879c789dc46c78827d9072bbfcc1d3a0efb80adf1e9231d1f06788bd7c8b2c,/mnt/c/Users/fuent/OneDrive/Documents/MR1c,GHCNh_USW00013904_1998.parquet,/mnt/c/Users/fuent/OneDrive/Documents/MR1c/GHCNh_USW00013904_1998.parquet,485397,2026-07-28T19:30:56Z,parquet,source data,raw retrieved source file or retrieval bundle,UNASSIGNED,,,PRIOR_HASH_MATCH,OneDrive/Documents/MR1c/hashes.csv,1,YES,REFERENCE_IN_PLACE_DO_NOT_COPY,,
15e6ce936f6e8e4aab9379f8417f681280e0ce0dbbdf83ef80a06ea664db7b18,/mnt/c/Users/fuent/OneDrive/Documents/MR1c,GHCNh_USW00013904_1999.parquet,/mnt/c/Users/fuent/OneDrive/Documents/MR1c/GHCNh_USW00013904_1999.parquet,795454,2026-07-28T19:30:57Z,parquet,source data,raw retrieved source file or retrieval bundle,UNASSIGNED,,,PRIOR_HASH_MATCH,OneDrive/Documents/MR1c/hashes.csv,1,YES,REFERENCE_IN_PLACE_DO_NOT_COPY,,
a935f77afdeab3a4934291fa35e8ccd2e8d763b76c5700de92dabd4f1960774c,/mnt/c/Users/fuent/OneDrive/Documents/MR1c,GHCNh_USW00013904_2000.parquet,/mnt/c/Users/fuent/OneDrive/Documents/MR1c/GHCNh_USW00013904_2000.parquet,1130825,2026-07-28T19:33:05Z,parquet,source data,raw retrieved source file or retrieval bundle,UNASSIGNED,,,PRIOR_HASH_MATCH,OneDrive/Documents/MR1c/hashes.csv,1,YES,REFERENCE_IN_PLACE_DO_NOT_COPY,,
f93bbc6aab69ce20b3f1a547cb7fa18c852b8bf3ca4abb87fd8ae3411737f180,/mnt/c/Users/fuent/OneDrive/Documents/MR1c,GHCNh_USW00013904_2001.parquet,/mnt/c/Users/fuent/OneDrive/Documents/MR1c/GHCNh_USW00013904_2001.parquet,1121841,2026-07-28T19:33:06Z,parquet,source data,raw retrieved source file or retrieval bundle,UNASSIGNED,,,PRIOR_HASH_MATCH,OneDrive/Documents/MR1c/hashes.csv,1,YES,REFERENCE_IN_PLACE_DO_NOT_COPY,,
9270378ddf181c5d7719efc4e89f7e81b71621a4f076a67e8b0abed26c155907,/mnt/c/Users/fuent/OneDrive/Documents/MR1c,GHCNh_USW00013904_2002.parquet,/mnt/c/Users/fuent/OneDrive/Documents/MR1c/GHCNh_USW00013904_2002.parquet,1123325,2026-07-28T19:33:06Z,parquet,source data,raw retrieved source file or retrieval bundle,UNASSIGNED,,,PRIOR_HASH_MATCH,OneDrive/Documents/MR1c/hashes.csv,1,YES,REFERENCE_IN_PLACE_DO_NOT_COPY,,
0e904f637b801f0dcc7ae236a5f224e70f76990bf62c80ca57b8ad231d90bf4b,/mnt/c/Users/fuent/OneDrive/Documents/MR1c,GHCNh_USW00013904_2003.parquet,/mnt/c/Users/fuent/OneDrive/Documents/MR1c/GHCNh_USW00013904_2003.parquet,1150865,2026-07-28T19:33:07Z,parquet,source data,raw retrieved source file or retrieval bundle,UNASSIGNED,,,PRIOR_HASH_MATCH,OneDrive/Documents/MR1c/hashes.csv,1,YES,REFERENCE_IN_PLACE_DO_NOT_COPY,,
aa82f9cee9ebeb611e0b2a6fc90cbe5bd649739a7806cb1fcd4357dc4bc52b76,/mnt/c/Users/fuent/OneDrive/Documents/MR1c,GHCNh_USW00013904_2004.parquet,/mnt/c/Users/fuent/OneDrive/Documents/MR1c/GHCNh_USW00013904_2004.parquet,1084922,2026-07-28T19:33:08Z,parquet,source data,raw retrieved source file or retrieval bundle,UNASSIGNED,,,PRIOR_HASH_MATCH,OneDrive/Documents/MR1c/hashes.csv,1,YES,REFERENCE_IN_PLACE_DO_NOT_COPY,,
f52d2193f23f274f6d24e4bc7b5a30945797b8c8339e6cf072f9db4b13ffd462,/mnt/c/Users/fuent/OneDrive/Documents/MR1c,GHCNh_USW00013904_2005.parquet,/mnt/c/Users/fuent/OneDrive/Documents/MR1c/GHCNh_USW00013904_2005.parquet,1121975,2026-07-28T19:33:08Z,parquet,source data,raw retrieved source file or retrieval bundle,UNASSIGNED,,,PRIOR_HASH_MATCH,OneDrive/Documents/MR1c/hashes.csv,1,YES,REFERENCE_IN_PLACE_DO_NOT_COPY,,
fd17b0d6aeee46289123e6e8f635241cba6abc2a8c4d9741a708ace3fc641c9a,/mnt/c/Users/fuent/OneDrive/Documents/MR1c,GHCNh_USW00013904_2006.parquet,/mnt/c/Users/fuent/OneDrive/Documents/MR1c/GHCNh_USW00013904_2006.parquet,973355,2026-07-28T19:33:09Z,parquet,source data,raw retrieved source file or retrieval bundle,UNASSIGNED,,,PRIOR_HASH_MATCH,OneDrive/Documents/MR1c/hashes.csv,1,YES,REFERENCE_IN_PLACE_DO_NOT_COPY,,
c5b465e44833aad9e55b46829d982a59d5756b907295fdd69fc44896b070aed8,/mnt/c/Users/fuent/OneDrive/Documents/MR1c,GHCNh_USW00013904_2007.parquet,/mnt/c/Users/fuent/OneDrive/Documents/MR1c/GHCNh_USW00013904_2007.parquet,1093152,2026-07-28T19:33:10Z,parquet,source data,raw retrieved source file or retrieval bundle,UNASSIGNED,,,PRIOR_HASH_MATCH,OneDrive/Documents/MR1c/hashes.csv,1,YES,REFERENCE_IN_PLACE_DO_NOT_COPY,,
6d4af40cb5f6d672c111ab7be7a5de8eedf1811e9e28fa6021d7eb9c84933d01,/mnt/c/Users/fuent/OneDrive/Documents/MR1c,GHCNh_USW00013904_2008.parquet,/mnt/c/Users/fuent/OneDrive/Documents/MR1c/GHCNh_USW00013904_2008.parquet,956753,2026-07-28T19:33:10Z,parquet,source data,raw retrieved source file or retrieval bundle,UNASSIGNED,,,PRIOR_HASH_MATCH,OneDrive/Documents/MR1c/hashes.csv,1,YES,REFERENCE_IN_PLACE_DO_NOT_COPY,,
be567b265ed1012f72d46a35b31dba61b7240c27d6b80406b5049e327b25d8e6,/mnt/c/Users/fuent/OneDrive/Documents/MR1c,GHCNh_USW00013904_2009.parquet,/mnt/c/Users/fuent/OneDrive/Documents/MR1c/GHCNh_USW00013904_2009.parquet,974440,2026-07-28T19:33:11Z,parquet,source data,raw retrieved source file or retrieval bundle,UNASSIGNED,,,PRIOR_HASH_MATCH,OneDrive/Documents/MR1c/hashes.csv,1,YES,REFERENCE_IN_PLACE_DO_NOT_COPY,,
fed0477358b3afdfd715be368cdea24ccf613776408a202c8308dabbf571b37d,/mnt/c/Users/fuent/OneDrive/Documents/MR1c,GHCNh_USW00013904_2010.parquet,/mnt/c/Users/fuent/OneDrive/Documents/MR1c/GHCNh_USW00013904_2010.parquet,975974,2026-07-28T19:33:11Z,parquet,source data,raw retrieved source file or retrieval bundle,UNASSIGNED,,,PRIOR_HASH_MATCH,OneDrive/Documents/MR1c/hashes.csv,1,YES,REFERENCE_IN_PLACE_DO_NOT_COPY,,
790ef336b67a117b541128f02c93921605368bccbcd23f6614b5f2d93b1414e9,/mnt/c/Users/fuent/OneDrive/Documents/MR1c,GHCNh_USW00013904_2011.parquet,/mnt/c/Users/fuent/OneDrive/Documents/MR1c/GHCNh_USW00013904_2011.parquet,892728,2026-07-28T19:33:12Z,parquet,source data,raw retrieved source file or retrieval bundle,UNASSIGNED,,,PRIOR_HASH_MATCH,OneDrive/Documents/MR1c/hashes.csv,1,YES,REFERENCE_IN_PLACE_DO_NOT_COPY,,
35e6276724702bf6d8ffd1844b2db351125bbbd32e4b0a999dc7e04c998a802b,/mnt/c/Users/fuent/OneDrive/Documents/MR1c,GHCNh_USW00013904_2012.parquet,/mnt/c/Users/fuent/OneDrive/Documents/MR1c/GHCNh_USW00013904_2012.parquet,916627,2026-07-28T19:33:12Z,parquet,source data,raw retrieved source file or retrieval bundle,UNASSIGNED,,,PRIOR_HASH_MATCH,OneDrive/Documents/MR1c/hashes.csv,1,YES,REFERENCE_IN_PLACE_DO_NOT_COPY,,
3f82f04ac4a23226919799414244f89d3eff021055e53877b78f1ae9874f4967,/mnt/c/Users/fuent/OneDrive/Documents/MR1c,GHCNh_USW00013904_2013.parquet,/mnt/c/Users/fuent/OneDrive/Documents/MR1c/GHCNh_USW00013904_2013.parquet,943659,2026-07-28T19:33:13Z,parquet,source data,raw retrieved source file or retrieval bundle,UNASSIGNED,,,PRIOR_HASH_MATCH,OneDrive/Documents/MR1c/hashes.csv,1,YES,REFERENCE_IN_PLACE_DO_NOT_COPY,,
7ae40c11638eacaa285cbd452afd5297eb3ef4aba723a564e394a2ccf47073b6,/mnt/c/Users/fuent/OneDrive/Documents/MR1c,GHCNh_USW00013904_2014.parquet,/mnt/c/Users/fuent/OneDrive/Documents/MR1c/GHCNh_USW00013904_2014.parquet,965484,2026-07-28T19:33:13Z,parquet,source data,raw retrieved source file or retrieval bundle,UNASSIGNED,,,PRIOR_HASH_MATCH,OneDrive/Documents/MR1c/hashes.csv,1,YES,REFERENCE_IN_PLACE_DO_NOT_COPY,,
adcd73d10152169d3a125684db0f7aae444a2832bba7f487844d644e37f8abe0,/mnt/c/Users/fuent/OneDrive/Documents/MR1c,GHCNh_USW00013904_2015.parquet,/mnt/c/Users/fuent/OneDrive/Documents/MR1c/GHCNh_USW00013904_2015.parquet,968527,2026-07-28T19:33:14Z,parquet,source data,raw retrieved source file or retrieval bundle,UNASSIGNED,,,PRIOR_HASH_MATCH,OneDrive/Documents/MR1c/hashes.csv,1,YES,REFERENCE_IN_PLACE_DO_NOT_COPY,,
195747c0086f24e7b87ee9054601ab4d66df0caae82b68c349aa03f85f766f50,/mnt/c/Users/fuent/OneDrive/Documents/MR1c,GHCNh_USW00013904_2016.parquet,/mnt/c/Users/fuent/OneDrive/Documents/MR1c/GHCNh_USW00013904_2016.parquet,975004,2026-07-28T19:33:14Z,parquet,source data,raw retrieved source file or retrieval bundle,UNASSIGNED,,,PRIOR_HASH_MATCH,OneDrive/Documents/MR1c/hashes.csv,1,YES,REFERENCE_IN_PLACE_DO_NOT_COPY,,
65e47fb84a7dd1348862cfc1ab426fa723b47c92603c4ae5bdc7b1dbde9a40bc,/mnt/c/Users/fuent/OneDrive/Documents/MR1c,GHCNh_USW00013904_2017.parquet,/mnt/c/Users/fuent/OneDrive/Documents/MR1c/GHCNh_USW00013904_2017.parquet,942588,2026-07-28T19:33:15Z,parquet,source data,raw retrieved source file or retrieval bundle,UNASSIGNED,,,PRIOR_HASH_MATCH,OneDrive/Documents/MR1c/hashes.csv,1,YES,REFERENCE_IN_PLACE_DO_NOT_COPY,,
e8491887c0a0b8a1fb7d54c1eb00d3f7714fa2a2a16eb03ecb64f31a6a7bff62,/mnt/c/Users/fuent/OneDrive/Documents/MR1c,GHCNh_USW00013904_2018.parquet,/mnt/c/Users/fuent/OneDrive/Documents/MR1c/GHCNh_USW00013904_2018.parquet,954870,2026-07-28T19:33:16Z,parquet,source data,raw retrieved source file or retrieval bundle,UNASSIGNED,,,PRIOR_HASH_MATCH,OneDrive/Documents/MR1c/hashes.csv,1,YES,REFERENCE_IN_PLACE_DO_NOT_COPY,,
031942febbe980ba5a82eb19ac283f8663275e9cc3986000c83edce7e8f50007,/mnt/c/Users/fuent/OneDrive/Documents/MR1c,GHCNh_USW00013904_2019.parquet,/mnt/c/Users/fuent/OneDrive/Documents/MR1c/GHCNh_USW00013904_2019.parquet,929272,2026-07-28T19:33:16Z,parquet,source data,raw retrieved source file or retrieval bundle,UNASSIGNED,,,PRIOR_HASH_MATCH,OneDrive/Documents/MR1c/hashes.csv,1,YES,REFERENCE_IN_PLACE_DO_NOT_COPY,,
5781d50e6aec1b004f71071db95e0785b150f446cb9329377f72437e0daa3c92,/mnt/c/Users/fuent/OneDrive/Documents/MR1c,GHCNh_USW00013904_2020.parquet,/mnt/c/Users/fuent/OneDrive/Documents/MR1c/GHCNh_USW00013904_2020.parquet,905746,2026-07-28T19:33:17Z,parquet,source data,raw retrieved source file or retrieval bundle,UNASSIGNED,,,PRIOR_HASH_MATCH,OneDrive/Documents/MR1c/hashes.csv,1,YES,REFERENCE_IN_PLACE_DO_NOT_COPY,,
e6fe6ca2ba1149dc4b5e4d39251de9ca147509eef9e61579cad99baf724aed85,/mnt/c/Users/fuent/OneDrive/Documents/MR1c,GHCNh_USW00013904_2021.parquet,/mnt/c/Users/fuent/OneDrive/Documents/MR1c/GHCNh_USW00013904_2021.parquet,936970,2026-07-28T19:33:17Z,parquet,source data,raw retrieved source file or retrieval bundle,UNASSIGNED,,,PRIOR_HASH_MATCH,OneDrive/Documents/MR1c/hashes.csv,1,YES,REFERENCE_IN_PLACE_DO_NOT_COPY,,
992595f250c215142892af1a1bb7c5ac8aa8523425c1cc050f198b5a58155701,/mnt/c/Users/fuent/OneDrive/Documents/MR1c,GHCNh_USW00013904_2022.parquet,/mnt/c/Users/fuent/OneDrive/Documents/MR1c/GHCNh_USW00013904_2022.parquet,870141,2026-07-28T19:33:18Z,parquet,source data,raw retrieved source file or retrieval bundle,UNASSIGNED,,,PRIOR_HASH_MATCH,OneDrive/Documents/MR1c/hashes.csv,1,YES,REFERENCE_IN_PLACE_DO_NOT_COPY,,
fc33957521f3a331ed936aa7a7723c01aaebe74ec7644940633653adcaa87cd8,/mnt/c/Users/fuent/OneDrive/Documents/MR1c,GHCNh_USW00013904_2023.parquet,/mnt/c/Users/fuent/OneDrive/Documents/MR1c/GHCNh_USW00013904_2023.parquet,880543,2026-07-28T19:33:18Z,parquet,source data,raw retrieved source file or retrieval bundle,UNASSIGNED,,,PRIOR_HASH_MATCH,OneDrive/Documents/MR1c/hashes.csv,1,YES,REFERENCE_IN_PLACE_DO_NOT_COPY,,
48586d020b1fdba97793c80d1fbd1fe25d95539ae9e6765f977b834291de3b35,/mnt/c/Users/fuent/OneDrive/Documents/MR1c,GHCNh_USW00013904_2024.parquet,/mnt/c/Users/fuent/OneDrive/Documents/MR1c/GHCNh_USW00013904_2024.parquet,895313,2026-07-28T19:33:19Z,parquet,source data,raw retrieved source file or retrieval bundle,UNASSIGNED,,,PRIOR_HASH_MATCH,OneDrive/Documents/MR1c/hashes.csv,1,YES,REFERENCE_IN_PLACE_DO_NOT_COPY,,
cb0133521132b032cbcc69c61914150df300127ced9e0a52c86c3eb646bd9bd9,/mnt/c/Users/fuent/OneDrive/Documents/MR1c,GHCNh_USW00013904_2025.parquet,/mnt/c/Users/fuent/OneDrive/Documents/MR1c/GHCNh_USW00013904_2025.parquet,838485,2026-07-28T19:33:19Z,parquet,source data,raw retrieved source file or retrieval bundle,UNASSIGNED,,,PRIOR_HASH_MATCH,OneDrive/Documents/MR1c/hashes.csv,1,YES,REFERENCE_IN_PLACE_DO_NOT_COPY,,
618b765ea3755537749b290be1b9e8db1d2ef840e61d646d2d5da46b693ec82a,/mnt/c/Users/fuent/OneDrive/Documents/MR1c,GHCNh_USW00013904_2026.parquet,/mnt/c/Users/fuent/OneDrive/Documents/MR1c/GHCNh_USW00013904_2026.parquet,883030,2026-07-28T19:33:20Z,parquet,source data,raw retrieved source file or retrieval bundle,UNASSIGNED,,,PRIOR_HASH_MATCH,OneDrive/Documents/MR1c/hashes.csv,1,YES,REFERENCE_IN_PLACE_DO_NOT_COPY,,
b4cb6a7e23455a8022cd69b65b586313dfda964701e8eee0ed67ed41929a4283,/mnt/c/Users/fuent/OneDrive/Documents/MR1c,GHCNh_USW00013962_1995.parquet,/mnt/c/Users/fuent/OneDrive/Documents/MR1c/GHCNh_USW00013962_1995.parquet,546649,2026-07-28T19:33:28Z,parquet,source data,raw retrieved source file or retrieval bundle,UNASSIGNED,,,PRIOR_HASH_MATCH,OneDrive/Documents/MR1c/hashes.csv,1,YES,REFERENCE_IN_PLACE_DO_NOT_COPY,,
6dd49f89acb00a24fa5aac59b4b00240d6ab278f56dd68a9f49c043e331af938,/mnt/c/Users/fuent/OneDrive/Documents/MR1c,GHCNh_USW00013962_1996.parquet,/mnt/c/Users/fuent/OneDrive/Documents/MR1c/GHCNh_USW00013962_1996.parquet,566139,2026-07-28T19:33:29Z,parquet,source data,raw retrieved source file or retrieval bundle,UNASSIGNED,,,PRIOR_HASH_MATCH,OneDrive/Documents/MR1c/hashes.csv,1,YES,REFERENCE_IN_PLACE_DO_NOT_COPY,,
9da31f7e5e43119a157b6220d128f9af6629d2e6ce9c5feeee33aa6cf3cd5991,/mnt/c/Users/fuent/OneDrive/Documents/MR1c,GHCNh_USW00013962_1997.parquet,/mnt/c/Users/fuent/OneDrive/Documents/MR1c/GHCNh_USW00013962_1997.parquet,608631,2026-07-28T19:33:29Z,parquet,source data,raw retrieved source file or retrieval bundle,UNASSIGNED,,,PRIOR_HASH_MATCH,OneDrive/Documents/MR1c/hashes.csv,1,YES,REFERENCE_IN_PLACE_DO_NOT_COPY,,
36fdfafdfb76365ce59335058314ef2b1f84e1caf92fe44249fbcf13dd0b1a99,/mnt/c/Users/fuent/OneDrive/Documents/MR1c,GHCNh_USW00013962_1998.parquet,/mnt/c/Users/fuent/OneDrive/Documents/MR1c/GHCNh_USW00013962_1998.parquet,582317,2026-07-28T19:33:29Z,parquet,source data,raw retrieved source file or retrieval bundle,UNASSIGNED,,,PRIOR_HASH_MATCH,OneDrive/Documents/MR1c/hashes.csv,1,YES,REFERENCE_IN_PLACE_DO_NOT_COPY,,
5303445a17142bbce1213c47e600577300dcc3771e7e8ce2d5d43ce2e98a7580,/mnt/c/Users/fuent/OneDrive/Documents/MR1c,GHCNh_USW00013962_1999.parquet,/mnt/c/Users/fuent/OneDrive/Documents/MR1c/GHCNh_USW00013962_1999.parquet,607607,2026-07-28T19:33:29Z,parquet,source data,raw retrieved source file or retrieval bundle,UNASSIGNED,,,PRIOR_HASH_MATCH,OneDrive/Documents/MR1c/hashes.csv,1,YES,REFERENCE_IN_PLACE_DO_NOT_COPY,,
8203710f03bb7a75cbeef42bb4ae08ca6f2dcf30bb58085a536927224f2da24d,/mnt/c/Users/fuent/OneDrive/Documents/MR1c,GHCNh_USW00013962_2000.parquet,/mnt/c/Users/fuent/OneDrive/Documents/MR1c/GHCNh_USW00013962_2000.parquet,910278,2026-07-28T19:33:29Z,parquet,source data,raw retrieved source file or retrieval bundle,UNASSIGNED,,,PRIOR_HASH_MATCH,OneDrive/Documents/MR1c/hashes.csv,1,YES,REFERENCE_IN_PLACE_DO_NOT_COPY,,
a001f10f261c51463943bbcafbdeb6662d2b7e3af9b1c0f5040b30fd464d33df,/mnt/c/Users/fuent/OneDrive/Documents/MR1c,GHCNh_USW00013962_2001.parquet,/mnt/c/Users/fuent/OneDrive/Documents/MR1c/GHCNh_USW00013962_2001.parquet,900452,2026-07-28T19:33:30Z,parquet,source data,raw retrieved source file or retrieval bundle,UNASSIGNED,,,PRIOR_HASH_MATCH,OneDrive/Documents/MR1c/hashes.csv,1,YES,REFERENCE_IN_PLACE_DO_NOT_COPY,,
ec618718cf545ce8abfcfa747605d5ffbbb376b621a57e1199b849ed33cd35cd,/mnt/c/Users/fuent/OneDrive/Documents/MR1c,GHCNh_USW00013962_2002.parquet,/mnt/c/Users/fuent/OneDrive/Documents/MR1c/GHCNh_USW00013962_2002.parquet,915836,2026-07-28T19:33:30Z,parquet,source data,raw retrieved source file or retrieval bundle,UNASSIGNED,,,PRIOR_HASH_MATCH,OneDrive/Documents/MR1c/hashes.csv,1,YES,REFERENCE_IN_PLACE_DO_NOT_COPY,,
77ee7e229ace522f4628092c88413437239cfb3f41bd129dcfe44cc18816673c,/mnt/c/Users/fuent/OneDrive/Documents/MR1c,GHCNh_USW00013962_2003.parquet,/mnt/c/Users/fuent/OneDrive/Documents/MR1c/GHCNh_USW00013962_2003.parquet,917955,2026-07-28T19:33:30Z,parquet,source data,raw retrieved source file or retrieval bundle,UNASSIGNED,,,PRIOR_HASH_MATCH,OneDrive/Documents/MR1c/hashes.csv,1,YES,REFERENCE_IN_PLACE_DO_NOT_COPY,,
891bb30a5c2fe9e460ebcd03bd11655aa2432f894d1c08a5538e89de13e44da8,/mnt/c/Users/fuent/OneDrive/Documents/MR1c,GHCNh_USW00013962_2004.parquet,/mnt/c/Users/fuent/OneDrive/Documents/MR1c/GHCNh_USW00013962_2004.parquet,993188,2026-07-28T19:33:30Z,parquet,source data,raw retrieved source file or retrieval bundle,UNASSIGNED,,,PRIOR_HASH_MATCH,OneDrive/Documents/MR1c/hashes.csv,1,YES,REFERENCE_IN_PLACE_DO_NOT_COPY,,
62013b127165398a63ef716ca645faa9c20eb802a5c9eacb547689afd13cce03,/mnt/c/Users/fuent/OneDrive/Documents/MR1c,GHCNh_USW00013962_2005.parquet,/mnt/c/Users/fuent/OneDrive/Documents/MR1c/GHCNh_USW00013962_2005.parquet,980859,2026-07-28T19:33:30Z,parquet,source data,raw retrieved source file or retrieval bundle,UNASSIGNED,,,PRIOR_HASH_MATCH,OneDrive/Documents/MR1c/hashes.csv,1,YES,REFERENCE_IN_PLACE_DO_NOT_COPY,,
4412eaa37096808c594593b47fbfba705b930b9941aafc4d0ee219529e6fd187,/mnt/c/Users/fuent/OneDrive/Documents/MR1c,GHCNh_USW00013962_2006.parquet,/mnt/c/Users/fuent/OneDrive/Documents/MR1c/GHCNh_USW00013962_2006.parquet,920406,2026-07-28T19:33:30Z,parquet,source data,raw retrieved source file or retrieval bundle,UNASSIGNED,,,PRIOR_HASH_MATCH,OneDrive/Documents/MR1c/hashes.csv,1,YES,REFERENCE_IN_PLACE_DO_NOT_COPY,,
38016eebda51038327e594b43e9c11d6645cdbb693174879c3833998fde09c32,/mnt/c/Users/fuent/OneDrive/Documents/MR1c,GHCNh_USW00013962_2007.parquet,/mnt/c/Users/fuent/OneDrive/Documents/MR1c/GHCNh_USW00013962_2007.parquet,1099921,2026-07-28T19:33:31Z,parquet,source data,raw retrieved source file or retrieval bundle,UNASSIGNED,,,PRIOR_HASH_MATCH,OneDrive/Documents/MR1c/hashes.csv,1,YES,REFERENCE_IN_PLACE_DO_NOT_COPY,,
de6d77680842214b31e8a0afee9f2b82af8878077258227e97d92f0df9184e7c,/mnt/c/Users/fuent/OneDrive/Documents/MR1c,GHCNh_USW00013962_2008.parquet,/mnt/c/Users/fuent/OneDrive/Documents/MR1c/GHCNh_USW00013962_2008.parquet,968311,2026-07-28T19:33:31Z,parquet,source data,raw retrieved source file or retrieval bundle,UNASSIGNED,,,PRIOR_HASH_MATCH,OneDrive/Documents/MR1c/hashes.csv,1,YES,REFERENCE_IN_PLACE_DO_NOT_COPY,,
5e4cbf0ffb49f9c475f19bcf631646d5e27114be9f1092c9d50a648d8c7a7dbe,/mnt/c/Users/fuent/OneDrive/Documents/MR1c,GHCNh_USW00013962_2009.parquet,/mnt/c/Users/fuent/OneDrive/Documents/MR1c/GHCNh_USW00013962_2009.parquet,1047198,2026-07-28T19:33:31Z,parquet,source data,raw retrieved source file or retrieval bundle,UNASSIGNED,,,PRIOR_HASH_MATCH,OneDrive/Documents/MR1c/hashes.csv,1,YES,REFERENCE_IN_PLACE_DO_NOT_COPY,,
7f4eeac4d9e9021f5f6fb338e46d4497118e14d426cb05859547423c97de8750,/mnt/c/Users/fuent/OneDrive/Documents/MR1c,GHCNh_USW00013962_2010.parquet,/mnt/c/Users/fuent/OneDrive/Documents/MR1c/GHCNh_USW00013962_2010.parquet,1036115,2026-07-28T19:33:31Z,parquet,source data,raw retrieved source file or retrieval bundle,UNASSIGNED,,,PRIOR_HASH_MATCH,OneDrive/Documents/MR1c/hashes.csv,1,YES,REFERENCE_IN_PLACE_DO_NOT_COPY,,
d7c35f369b378375a7ff042ddd22fb369db5841cdc2df46a4b67fa0728a6b634,/mnt/c/Users/fuent/OneDrive/Documents/MR1c,GHCNh_USW00013962_2011.parquet,/mnt/c/Users/fuent/OneDrive/Documents/MR1c/GHCNh_USW00013962_2011.parquet,921289,2026-07-28T19:33:31Z,parquet,source data,raw retrieved source file or retrieval bundle,UNASSIGNED,,,PRIOR_HASH_MATCH,OneDrive/Documents/MR1c/hashes.csv,1,YES,REFERENCE_IN_PLACE_DO_NOT_COPY,,
1321f0e781ad9f9995a84901d9c7cb9399d736646515345ef26d7d6e12fe3036,/mnt/c/Users/fuent/OneDrive/Documents/MR1c,GHCNh_USW00013962_2012.parquet,/mnt/c/Users/fuent/OneDrive/Documents/MR1c/GHCNh_USW00013962_2012.parquet,910432,2026-07-28T19:33:31Z,parquet,source data,raw retrieved source file or retrieval bundle,UNASSIGNED,,,PRIOR_HASH_MATCH,OneDrive/Documents/MR1c/hashes.csv,1,YES,REFERENCE_IN_PLACE_DO_NOT_COPY,,
2677084d0506d3556ca4005c4605ca79fb7c0e836eecac661230d002af0aad90,/mnt/c/Users/fuent/OneDrive/Documents/MR1c,GHCNh_USW00013962_2013.parquet,/mnt/c/Users/fuent/OneDrive/Documents/MR1c/GHCNh_USW00013962_2013.parquet,943480,2026-07-28T19:33:31Z,parquet,source data,raw retrieved source file or retrieval bundle,UNASSIGNED,,,PRIOR_HASH_MATCH,OneDrive/Documents/MR1c/hashes.csv,1,YES,REFERENCE_IN_PLACE_DO_NOT_COPY,,
c8002b3ea71f2f657461217a700f65331a7594f9ab028c7ef2fbf2ff2d83bf17,/mnt/c/Users/fuent/OneDrive/Documents/MR1c,GHCNh_USW00013962_2014.parquet,/mnt/c/Users/fuent/OneDrive/Documents/MR1c/GHCNh_USW00013962_2014.parquet,954372,2026-07-28T19:33:32Z,parquet,source data,raw retrieved source file or retrieval bundle,UNASSIGNED,,,PRIOR_HASH_MATCH,OneDrive/Documents/MR1c/hashes.csv,1,YES,REFERENCE_IN_PLACE_DO_NOT_COPY,,
99220d9cdb4b24aab969973e5b1f3944433bd5813b0071c995a8bc52b0f060a5,/mnt/c/Users/fuent/OneDrive/Documents/MR1c,GHCNh_USW00013962_2015.parquet,/mnt/c/Users/fuent/OneDrive/Documents/MR1c/GHCNh_USW00013962_2015.parquet,983044,2026-07-28T19:33:32Z,parquet,source data,raw retrieved source file or retrieval bundle,UNASSIGNED,,,PRIOR_HASH_MATCH,OneDrive/Documents/MR1c/hashes.csv,1,YES,REFERENCE_IN_PLACE_DO_NOT_COPY,,
871523f588705bd1fbe91463da623c5efcca38b65c3c44ca5329f6a8834c8fed,/mnt/c/Users/fuent/OneDrive/Documents/MR1c,GHCNh_USW00013962_2016.parquet,/mnt/c/Users/fuent/OneDrive/Documents/MR1c/GHCNh_USW00013962_2016.parquet,960593,2026-07-28T19:33:32Z,parquet,source data,raw retrieved source file or retrieval bundle,UNASSIGNED,,,PRIOR_HASH_MATCH,OneDrive/Documents/MR1c/hashes.csv,1,YES,REFERENCE_IN_PLACE_DO_NOT_COPY,,
dd2cfd09d83b4e202f0401cdd2cafd004097605cc51ebd470d6656d4a975921c,/mnt/c/Users/fuent/OneDrive/Documents/MR1c,GHCNh_USW00013962_2017.parquet,/mnt/c/Users/fuent/OneDrive/Documents/MR1c/GHCNh_USW00013962_2017.parquet,942101,2026-07-28T19:33:32Z,parquet,source data,raw retrieved source file or retrieval bundle,UNASSIGNED,,,PRIOR_HASH_MATCH,OneDrive/Documents/MR1c/hashes.csv,1,YES,REFERENCE_IN_PLACE_DO_NOT_COPY,,
bcfdb4707b95c497860cb710b40d7125644bca64ce18b69b9bcbea65f72cf51a,/mnt/c/Users/fuent/OneDrive/Documents/MR1c,GHCNh_USW00013962_2018.parquet,/mnt/c/Users/fuent/OneDrive/Documents/MR1c/GHCNh_USW00013962_2018.parquet,980424,2026-07-28T19:33:32Z,parquet,source data,raw retrieved source file or retrieval bundle,UNASSIGNED,,,PRIOR_HASH_MATCH,OneDrive/Documents/MR1c/hashes.csv,1,YES,REFERENCE_IN_PLACE_DO_NOT_COPY,,
d0529178166be8b46cbffff44f7931eeab59f076d1d874ac71fa3baf9d972190,/mnt/c/Users/fuent/OneDrive/Documents/MR1c,GHCNh_USW00013962_2019.parquet,/mnt/c/Users/fuent/OneDrive/Documents/MR1c/GHCNh_USW00013962_2019.parquet,969123,2026-07-28T19:33:32Z,parquet,source data,raw retrieved source file or retrieval bundle,UNASSIGNED,,,PRIOR_HASH_MATCH,OneDrive/Documents/MR1c/hashes.csv,1,YES,REFERENCE_IN_PLACE_DO_NOT_COPY,,
ca5b50b4262cc812399547d66e6f3813859457fc29ba7329311341c8fe21eb1c,/mnt/c/Users/fuent/OneDrive/Documents/MR1c,GHCNh_USW00013962_2020.parquet,/mnt/c/Users/fuent/OneDrive/Documents/MR1c/GHCNh_USW00013962_2020.parquet,966069,2026-07-28T19:33:33Z,parquet,source data,raw retrieved source file or retrieval bundle,UNASSIGNED,,,PRIOR_HASH_MATCH,OneDrive/Documents/MR1c/hashes.csv,1,YES,REFERENCE_IN_PLACE_DO_NOT_COPY,,
2885c766382e24bad4a6c7025702fb444a915c7c3b21d7590b1a2c52152849c0,/mnt/c/Users/fuent/OneDrive/Documents/MR1c,GHCNh_USW00013962_2021.parquet,/mnt/c/Users/fuent/OneDrive/Documents/MR1c/GHCNh_USW00013962_2021.parquet,985266,2026-07-28T19:33:33Z,parquet,source data,raw retrieved source file or retrieval bundle,UNASSIGNED,,,PRIOR_HASH_MATCH,OneDrive/Documents/MR1c/hashes.csv,1,YES,REFERENCE_IN_PLACE_DO_NOT_COPY,,
5ab4d66982f0cf8455532f8140388cab14ed849c3c3f0bb7a5c36d7a7b888dd8,/mnt/c/Users/fuent/OneDrive/Documents/MR1c,GHCNh_USW00013962_2022.parquet,/mnt/c/Users/fuent/OneDrive/Documents/MR1c/GHCNh_USW00013962_2022.parquet,940315,2026-07-28T19:33:33Z,parquet,source data,raw retrieved source file or retrieval bundle,UNASSIGNED,,,PRIOR_HASH_MATCH,OneDrive/Documents/MR1c/hashes.csv,1,YES,REFERENCE_IN_PLACE_DO_NOT_COPY,,
92223c918ba23f132dd27e3e33bf106f13b22ee9fff8fe8913f65e3b5ef13e14,/mnt/c/Users/fuent/OneDrive/Documents/MR1c,GHCNh_USW00013962_2023.parquet,/mnt/c/Users/fuent/OneDrive/Documents/MR1c/GHCNh_USW00013962_2023.parquet,986693,2026-07-28T19:33:33Z,parquet,source data,raw retrieved source file or retrieval bundle,UNASSIGNED,,,PRIOR_HASH_MATCH,OneDrive/Documents/MR1c/hashes.csv,1,YES,REFERENCE_IN_PLACE_DO_NOT_COPY,,
bf041758369f705b8a4529a1eaf422c885f0033b06d05b5d254e6e61d920350c,/mnt/c/Users/fuent/OneDrive/Documents/MR1c,GHCNh_USW00013962_2024.parquet,/mnt/c/Users/fuent/OneDrive/Documents/MR1c/GHCNh_USW00013962_2024.parquet,1070115,2026-07-28T19:33:33Z,parquet,source data,raw retrieved source file or retrieval bundle,UNASSIGNED,,,PRIOR_HASH_MATCH,OneDrive/Documents/MR1c/hashes.csv,1,YES,REFERENCE_IN_PLACE_DO_NOT_COPY,,
6026663a8ca6076083d26962d7bf89c69c3e7f0275a202dbd8981a09d1756b0b,/mnt/c/Users/fuent/OneDrive/Documents/MR1c,GHCNh_USW00013962_2025.parquet,/mnt/c/Users/fuent/OneDrive/Documents/MR1c/GHCNh_USW00013962_2025.parquet,988780,2026-07-28T19:33:33Z,parquet,source data,raw retrieved source file or retrieval bundle,UNASSIGNED,,,PRIOR_HASH_MATCH,OneDrive/Documents/MR1c/hashes.csv,1,YES,REFERENCE_IN_PLACE_DO_NOT_COPY,,
ce6527b3dd79ebcfc03c5bae96ca5f8aaa90382c8d91289efa36212a21b824c1,/mnt/c/Users/fuent/OneDrive/Documents/MR1c,GHCNh_USW00013962_2026.parquet,/mnt/c/Users/fuent/OneDrive/Documents/MR1c/GHCNh_USW00013962_2026.parquet,844149,2026-07-28T19:33:34Z,parquet,source data,raw retrieved source file or retrieval bundle,UNASSIGNED,,,PRIOR_HASH_MATCH,OneDrive/Documents/MR1c/hashes.csv,1,YES,REFERENCE_IN_PLACE_DO_NOT_COPY,,
8f35097f53fa61c6b29e723a4241711d470e27090c1da44209fe0af025ad98a2,/mnt/c/Users/fuent/OneDrive/Documents/MR1c,GHCNh_USW00013966_1995.parquet,/mnt/c/Users/fuent/OneDrive/Documents/MR1c/GHCNh_USW00013966_1995.parquet,512850,2026-07-28T19:35:45Z,parquet,source data,raw retrieved source file or retrieval bundle,UNASSIGNED,,,PRIOR_HASH_MATCH,OneDrive/Documents/MR1c/hashes.csv,1,YES,REFERENCE_IN_PLACE_DO_NOT_COPY,,
09a3ca155be1c5921ea57190819b00168659ea9ad360ab5ba9a5218724f3bfac,/mnt/c/Users/fuent/OneDrive/Documents/MR1c,GHCNh_USW00013966_1996.parquet,/mnt/c/Users/fuent/OneDrive/Documents/MR1c/GHCNh_USW00013966_1996.parquet,572995,2026-07-28T19:35:45Z,parquet,source data,raw retrieved source file or retrieval bundle,UNASSIGNED,,,PRIOR_HASH_MATCH,OneDrive/Documents/MR1c/hashes.csv,1,YES,REFERENCE_IN_PLACE_DO_NOT_COPY,,
a00eb4cbbaf3d61fd857af93b6f09275911b4c1aeb58999853c5eee58b649f35,/mnt/c/Users/fuent/OneDrive/Documents/MR1c,GHCNh_USW00013966_1997.parquet,/mnt/c/Users/fuent/OneDrive/Documents/MR1c/GHCNh_USW00013966_1997.parquet,599905,2026-07-28T19:35:45Z,parquet,source data,raw retrieved source file or retrieval bundle,UNASSIGNED,,,PRIOR_HASH_MATCH,OneDrive/Documents/MR1c/hashes.csv,1,YES,REFERENCE_IN_PLACE_DO_NOT_COPY,,
b672abd8bcacb2b327037d679320c5fd515fe1e2b86e12dfd7ec4acb3d0aadd4,/mnt/c/Users/fuent/OneDrive/Documents/MR1c,GHCNh_USW00013966_1998.parquet,/mnt/c/Users/fuent/OneDrive/Documents/MR1c/GHCNh_USW00013966_1998.parquet,584462,2026-07-28T19:35:45Z,parquet,source data,raw retrieved source file or retrieval bundle,UNASSIGNED,,,PRIOR_HASH_MATCH,OneDrive/Documents/MR1c/hashes.csv,1,YES,REFERENCE_IN_PLACE_DO_NOT_COPY,,
2d6387613b7c487c985abd8ada951b68e0e399c001dbb9feac2a643575fd57d5,/mnt/c/Users/fuent/OneDrive/Documents/MR1c,GHCNh_USW00013966_1999.parquet,/mnt/c/Users/fuent/OneDrive/Documents/MR1c/GHCNh_USW00013966_1999.parquet,621630,2026-07-28T19:35:46Z,parquet,source data,raw retrieved source file or retrieval bundle,UNASSIGNED,,,PRIOR_HASH_MATCH,OneDrive/Documents/MR1c/hashes.csv,1,YES,REFERENCE_IN_PLACE_DO_NOT_COPY,,
d05e3358daa1fb211b052566aad17be3675667663408a915519383e73632015e,/mnt/c/Users/fuent/OneDrive/Documents/MR1c,GHCNh_USW00013966_2000.parquet,/mnt/c/Users/fuent/OneDrive/Documents/MR1c/GHCNh_USW00013966_2000.parquet,977227,2026-07-28T19:35:46Z,parquet,source data,raw retrieved source file or retrieval bundle,UNASSIGNED,,,PRIOR_HASH_MATCH,OneDrive/Documents/MR1c/hashes.csv,1,YES,REFERENCE_IN_PLACE_DO_NOT_COPY,,
772e14f0a2f9ffcb1df5bbb9861a82889349956939524d4b0fb34c004295e824,/mnt/c/Users/fuent/OneDrive/Documents/MR1c,GHCNh_USW00013966_2001.parquet,/mnt/c/Users/fuent/OneDrive/Documents/MR1c/GHCNh_USW00013966_2001.parquet,974063,2026-07-28T19:35:46Z,parquet,source data,raw retrieved source file or retrieval bundle,UNASSIGNED,,,PRIOR_HASH_MATCH,OneDrive/Documents/MR1c/hashes.csv,1,YES,REFERENCE_IN_PLACE_DO_NOT_COPY,,
14091f81572e2c43120dff413fb0f69ea6a1c3a2bb4e47ccf761b99b9fbd4d25,/mnt/c/Users/fuent/OneDrive/Documents/MR1c,GHCNh_USW00013966_2002.parquet,/mnt/c/Users/fuent/OneDrive/Documents/MR1c/GHCNh_USW00013966_2002.parquet,978778,2026-07-28T19:35:46Z,parquet,source data,raw retrieved source file or retrieval bundle,UNASSIGNED,,,PRIOR_HASH_MATCH,OneDrive/Documents/MR1c/hashes.csv,1,YES,REFERENCE_IN_PLACE_DO_NOT_COPY,,
1958d383fb1f28cb23efe8fc923f8439fe1884c3a11d2026f0d510192861a557,/mnt/c/Users/fuent/OneDrive/Documents/MR1c,GHCNh_USW00013966_2003.parquet,/mnt/c/Users/fuent/OneDrive/Documents/MR1c/GHCNh_USW00013966_2003.parquet,988245,2026-07-28T19:35:46Z,parquet,source data,raw retrieved source file or retrieval bundle,UNASSIGNED,,,PRIOR_HASH_MATCH,OneDrive/Documents/MR1c/hashes.csv,1,YES,REFERENCE_IN_PLACE_DO_NOT_COPY,,
22eb5aa6b73294226759f5f96587efdb906832774d4c9802b1aff803e3822cc1,/mnt/c/Users/fuent/OneDrive/Documents/MR1c,GHCNh_USW00013966_2004.parquet,/mnt/c/Users/fuent/OneDrive/Documents/MR1c/GHCNh_USW00013966_2004.parquet,1027757,2026-07-28T19:35:46Z,parquet,source data,raw retrieved source file or retrieval bundle,UNASSIGNED,,,PRIOR_HASH_MATCH,OneDrive/Documents/MR1c/hashes.csv,1,YES,REFERENCE_IN_PLACE_DO_NOT_COPY,,
095678f90da6144b3f49d72126c03d1ee865a33c19dd00035836e99df365c605,/mnt/c/Users/fuent/OneDrive/Documents/MR1c,GHCNh_USW00013966_2005.parquet,/mnt/c/Users/fuent/OneDrive/Documents/MR1c/GHCNh_USW00013966_2005.parquet,1040127,2026-07-28T19:35:46Z,parquet,source data,raw retrieved source file or retrieval bundle,UNASSIGNED,,,PRIOR_HASH_MATCH,OneDrive/Documents/MR1c/hashes.csv,1,YES,REFERENCE_IN_PLACE_DO_NOT_COPY,,
d1a0017177d5fad4e02e0cd793fc7eef5c8224e88d626b34b47a15112314b675,/mnt/c/Users/fuent/OneDrive/Documents/MR1c,GHCNh_USW00013966_2006.parquet,/mnt/c/Users/fuent/OneDrive/Documents/MR1c/GHCNh_USW00013966_2006.parquet,979369,2026-07-28T19:35:46Z,parquet,source data,raw retrieved source file or retrieval bundle,UNASSIGNED,,,PRIOR_HASH_MATCH,OneDrive/Documents/MR1c/hashes.csv,1,YES,REFERENCE_IN_PLACE_DO_NOT_COPY,,
9aaf74cbf833e65835b36cfa5c1f1750f70e1653b6d8bee1e414a9db1ef3a980,/mnt/c/Users/fuent/OneDrive/Documents/MR1c,GHCNh_USW00013966_2007.parquet,/mnt/c/Users/fuent/OneDrive/Documents/MR1c/GHCNh_USW00013966_2007.parquet,1162918,2026-07-28T19:35:47Z,parquet,source data,raw retrieved source file or retrieval bundle,UNASSIGNED,,,PRIOR_HASH_MATCH,OneDrive/Documents/MR1c/hashes.csv,1,YES,REFERENCE_IN_PLACE_DO_NOT_COPY,,
93c35feb48693aa1e1e0ef99927c4bad4c533daf7895615db76ec43a8291734b,/mnt/c/Users/fuent/OneDrive/Documents/MR1c,GHCNh_USW00013966_2008.parquet,/mnt/c/Users/fuent/OneDrive/Documents/MR1c/GHCNh_USW00013966_2008.parquet,1029621,2026-07-28T19:35:47Z,parquet,source data,raw retrieved source file or retrieval bundle,UNASSIGNED,,,PRIOR_HASH_MATCH,OneDrive/Documents/MR1c/hashes.csv,1,YES,REFERENCE_IN_PLACE_DO_NOT_COPY,,
38d25582094dbd199ff66f3cbbb7a8b31b9c9b049669f6d880c73173a9f01f2c,/mnt/c/Users/fuent/OneDrive/Documents/MR1c,GHCNh_USW00013966_2009.parquet,/mnt/c/Users/fuent/OneDrive/Documents/MR1c/GHCNh_USW00013966_2009.parquet,1094697,2026-07-28T19:35:47Z,parquet,source data,raw retrieved source file or retrieval bundle,UNASSIGNED,,,PRIOR_HASH_MATCH,OneDrive/Documents/MR1c/hashes.csv,1,YES,REFERENCE_IN_PLACE_DO_NOT_COPY,,
8ac93f452ade3f0eddf23557256468864855122172d9b57ff5e42b7a8e9374b5,/mnt/c/Users/fuent/OneDrive/Documents/MR1c,GHCNh_USW00013966_2010.parquet,/mnt/c/Users/fuent/OneDrive/Documents/MR1c/GHCNh_USW00013966_2010.parquet,1048535,2026-07-28T19:35:47Z,parquet,source data,raw retrieved source file or retrieval bundle,UNASSIGNED,,,PRIOR_HASH_MATCH,OneDrive/Documents/MR1c/hashes.csv,1,YES,REFERENCE_IN_PLACE_DO_NOT_COPY,,
69e66741c32327cfc50b0408645ca6dea04bc0e97dfe4c0678e37516cbcf004d,/mnt/c/Users/fuent/OneDrive/Documents/MR1c,GHCNh_USW00013966_2011.parquet,/mnt/c/Users/fuent/OneDrive/Documents/MR1c/GHCNh_USW00013966_2011.parquet,971974,2026-07-28T19:35:47Z,parquet,source data,raw retrieved source file or retrieval bundle,UNASSIGNED,,,PRIOR_HASH_MATCH,OneDrive/Documents/MR1c/hashes.csv,1,YES,REFERENCE_IN_PLACE_DO_NOT_COPY,,
28a3a84982601d6e0e324d4a94534a5155952fdd2d8e07660b0e137b561a690b,/mnt/c/Users/fuent/OneDrive/Documents/MR1c,GHCNh_USW00013966_2012.parquet,/mnt/c/Users/fuent/OneDrive/Documents/MR1c/GHCNh_USW00013966_2012.parquet,968735,2026-07-28T19:35:47Z,parquet,source data,raw retrieved source file or retrieval bundle,UNASSIGNED,,,PRIOR_HASH_MATCH,OneDrive/Documents/MR1c/hashes.csv,1,YES,REFERENCE_IN_PLACE_DO_NOT_COPY,,
5ba3ac9c57bc00d8c6dde23a3b0b8da4b43e4a2801aae44b9550f50a91445978,/mnt/c/Users/fuent/OneDrive/Documents/MR1c,GHCNh_USW00013966_2013.parquet,/mnt/c/Users/fuent/OneDrive/Documents/MR1c/GHCNh_USW00013966_2013.parquet,991986,2026-07-28T19:35:47Z,parquet,source data,raw retrieved source file or retrieval bundle,UNASSIGNED,,,PRIOR_HASH_MATCH,OneDrive/Documents/MR1c/hashes.csv,1,YES,REFERENCE_IN_PLACE_DO_NOT_COPY,,
166e4ed3294e81ca83b3822cfbe4287e50cc1b14c38aae6a2214de595128bba3,/mnt/c/Users/fuent/OneDrive/Documents/MR1c,GHCNh_USW00013966_2014.parquet,/mnt/c/Users/fuent/OneDrive/Documents/MR1c/GHCNh_USW00013966_2014.parquet,981811,2026-07-28T19:35:47Z,parquet,source data,raw retrieved source file or retrieval bundle,UNASSIGNED,,,PRIOR_HASH_MATCH,OneDrive/Documents/MR1c/hashes.csv,1,YES,REFERENCE_IN_PLACE_DO_NOT_COPY,,
8d4782888aab07776c9a8b5a095826718cd4cd9fd6b257a3c1ec293daa06352c,/mnt/c/Users/fuent/OneDrive/Documents/MR1c,GHCNh_USW00013966_2015.parquet,/mnt/c/Users/fuent/OneDrive/Documents/MR1c/GHCNh_USW00013966_2015.parquet,1052742,2026-07-28T19:35:48Z,parquet,source data,raw retrieved source file or retrieval bundle,UNASSIGNED,,,PRIOR_HASH_MATCH,OneDrive/Documents/MR1c/hashes.csv,1,YES,REFERENCE_IN_PLACE_DO_NOT_COPY,,
d203d46a48c437b300bf95a7be56bc0cd888fca2706dae91d5bf1869d1df8b0d,/mnt/c/Users/fuent/OneDrive/Documents/MR1c,GHCNh_USW00013966_2016.parquet,/mnt/c/Users/fuent/OneDrive/Documents/MR1c/GHCNh_USW00013966_2016.parquet,975321,2026-07-28T19:35:48Z,parquet,source data,raw retrieved source file or retrieval bundle,UNASSIGNED,,,PRIOR_HASH_MATCH,OneDrive/Documents/MR1c/hashes.csv,1,YES,REFERENCE_IN_PLACE_DO_NOT_COPY,,
3cae40566944d9958e3067d54f1bfe0c165adf6cb38a80538450681fc73672da,/mnt/c/Users/fuent/OneDrive/Documents/MR1c,GHCNh_USW00013966_2017.parquet,/mnt/c/Users/fuent/OneDrive/Documents/MR1c/GHCNh_USW00013966_2017.parquet,983828,2026-07-28T19:35:48Z,parquet,source data,raw retrieved source file or retrieval bundle,UNASSIGNED,,,PRIOR_HASH_MATCH,OneDrive/Documents/MR1c/hashes.csv,1,YES,REFERENCE_IN_PLACE_DO_NOT_COPY,,
1d22092c559ea2aed233b80cf602690d4b58c25ccb504cb4cccbb1bb9230b660,/mnt/c/Users/fuent/OneDrive/Documents/MR1c,GHCNh_USW00013966_2018.parquet,/mnt/c/Users/fuent/OneDrive/Documents/MR1c/GHCNh_USW00013966_2018.parquet,1016816,2026-07-28T19:35:48Z,parquet,source data,raw retrieved source file or retrieval bundle,UNASSIGNED,,,PRIOR_HASH_MATCH,OneDrive/Documents/MR1c/hashes.csv,1,YES,REFERENCE_IN_PLACE_DO_NOT_COPY,,
eb76d384867bb5af20b4d423a89c2b9c2e77a31cac5820e6fe816993b7d35785,/mnt/c/Users/fuent/OneDrive/Documents/MR1c,GHCNh_USW00013966_2019.parquet,/mnt/c/Users/fuent/OneDrive/Documents/MR1c/GHCNh_USW00013966_2019.parquet,1011071,2026-07-28T19:35:48Z,parquet,source data,raw retrieved source file or retrieval bundle,UNASSIGNED,,,PRIOR_HASH_MATCH,OneDrive/Documents/MR1c/hashes.csv,1,YES,REFERENCE_IN_PLACE_DO_NOT_COPY,,
459702f5a0fdbffe3fa48ba4129da8307fcd36a0d20547e634fa6f0100b57a7d,/mnt/c/Users/fuent/OneDrive/Documents/MR1c,GHCNh_USW00013966_2020.parquet,/mnt/c/Users/fuent/OneDrive/Documents/MR1c/GHCNh_USW00013966_2020.parquet,991682,2026-07-28T19:35:48Z,parquet,source data,raw retrieved source file or retrieval bundle,UNASSIGNED,,,PRIOR_HASH_MATCH,OneDrive/Documents/MR1c/hashes.csv,1,YES,REFERENCE_IN_PLACE_DO_NOT_COPY,,
652264029527a58d32c00a92565911b104140818a9e11205aa9bfde1b35b3abf,/mnt/c/Users/fuent/OneDrive/Documents/MR1c,GHCNh_USW00013966_2021.parquet,/mnt/c/Users/fuent/OneDrive/Documents/MR1c/GHCNh_USW00013966_2021.parquet,975259,2026-07-28T19:35:48Z,parquet,source data,raw retrieved source file or retrieval bundle,UNASSIGNED,,,PRIOR_HASH_MATCH,OneDrive/Documents/MR1c/hashes.csv,1,YES,REFERENCE_IN_PLACE_DO_NOT_COPY,,
c6ecbaa2d55831fccb48513642a08a8a70b8c7d58d28c588dd77db482ffbf2b3,/mnt/c/Users/fuent/OneDrive/Documents/MR1c,GHCNh_USW00013966_2022.parquet,/mnt/c/Users/fuent/OneDrive/Documents/MR1c/GHCNh_USW00013966_2022.parquet,943574,2026-07-28T19:35:48Z,parquet,source data,raw retrieved source file or retrieval bundle,UNASSIGNED,,,PRIOR_HASH_MATCH,OneDrive/Documents/MR1c/hashes.csv,1,YES,REFERENCE_IN_PLACE_DO_NOT_COPY,,
dcd2066fc13cae46b9750821509dbaf92fcfcd7c3a5fcd6386d0c04256965e4e,/mnt/c/Users/fuent/OneDrive/Documents/MR1c,GHCNh_USW00013966_2023.parquet,/mnt/c/Users/fuent/OneDrive/Documents/MR1c/GHCNh_USW00013966_2023.parquet,989828,2026-07-28T19:35:49Z,parquet,source data,raw retrieved source file or retrieval bundle,UNASSIGNED,,,PRIOR_HASH_MATCH,OneDrive/Documents/MR1c/hashes.csv,1,YES,REFERENCE_IN_PLACE_DO_NOT_COPY,,
c791a8edfb019ae499d7caca75cbb350b1e9c076dc123b7037e19e30e98043d3,/mnt/c/Users/fuent/OneDrive/Documents/MR1c,GHCNh_USW00013966_2024.parquet,/mnt/c/Users/fuent/OneDrive/Documents/MR1c/GHCNh_USW00013966_2024.parquet,1063877,2026-07-28T19:35:49Z,parquet,source data,raw retrieved source file or retrieval bundle,UNASSIGNED,,,PRIOR_HASH_MATCH,OneDrive/Documents/MR1c/hashes.csv,1,YES,REFERENCE_IN_PLACE_DO_NOT_COPY,,
dd3290aed3533562cea82aece4008a5c92c5af18c9ab74af4a05ee6003bba764,/mnt/c/Users/fuent/OneDrive/Documents/MR1c,GHCNh_USW00013966_2025.parquet,/mnt/c/Users/fuent/OneDrive/Documents/MR1c/GHCNh_USW00013966_2025.parquet,1007481,2026-07-28T19:35:49Z,parquet,source data,raw retrieved source file or retrieval bundle,UNASSIGNED,,,PRIOR_HASH_MATCH,OneDrive/Documents/MR1c/hashes.csv,1,YES,REFERENCE_IN_PLACE_DO_NOT_COPY,,
d57ef1fe34a00b78b2a21a1f10cad50c88c1680c693320e4959c5919ea0f713d,/mnt/c/Users/fuent/OneDrive/Documents/MR1c,GHCNh_USW00013966_2026.parquet,/mnt/c/Users/fuent/OneDrive/Documents/MR1c/GHCNh_USW00013966_2026.parquet,951369,2026-07-28T19:35:49Z,parquet,source data,raw retrieved source file or retrieval bundle,UNASSIGNED,,,PRIOR_HASH_MATCH,OneDrive/Documents/MR1c/hashes.csv,1,YES,REFERENCE_IN_PLACE_DO_NOT_COPY,,
2aa91a2b35b10359a473298a6247210d22febf1ac89816f919a3b3818203910b,/mnt/c/Users/fuent/OneDrive/Documents/MR1c,GHCNh_USW00013972_1995.parquet,/mnt/c/Users/fuent/OneDrive/Documents/MR1c/GHCNh_USW00013972_1995.parquet,219304,2026-07-28T19:35:49Z,parquet,source data,raw retrieved source file or retrieval bundle,UNASSIGNED,,,PRIOR_HASH_MATCH,OneDrive/Documents/MR1c/hashes.csv,1,YES,REFERENCE_IN_PLACE_DO_NOT_COPY,,
1c490c0a44a68c54d84c196f03556a081326d8e414618450f837c82afeb097d4,/mnt/c/Users/fuent/OneDrive/Documents/MR1c,GHCNh_USW00013972_1996.parquet,/mnt/c/Users/fuent/OneDrive/Documents/MR1c/GHCNh_USW00013972_1996.parquet,244335,2026-07-28T19:35:49Z,parquet,source data,raw retrieved source file or retrieval bundle,UNASSIGNED,,,PRIOR_HASH_MATCH,OneDrive/Documents/MR1c/hashes.csv,1,YES,REFERENCE_IN_PLACE_DO_NOT_COPY,,
438b2e232d97b9df0226ad5fb2abe07d4c8ef5fdb4e80f20200a8b4137cc7c99,/mnt/c/Users/fuent/OneDrive/Documents/MR1c,GHCNh_USW00013972_1997.parquet,/mnt/c/Users/fuent/OneDrive/Documents/MR1c/GHCNh_USW00013972_1997.parquet,229941,2026-07-28T19:35:49Z,parquet,source data,raw retrieved source file or retrieval bundle,UNASSIGNED,,,PRIOR_HASH_MATCH,OneDrive/Documents/MR1c/hashes.csv,1,YES,REFERENCE_IN_PLACE_DO_NOT_COPY,,
971ce79055cf318e6b34e9b9f9557059d312bbb60199a20ac6faa86828b926a6,/mnt/c/Users/fuent/OneDrive/Documents/MR1c,GHCNh_USW00013972_1998.parquet,/mnt/c/Users/fuent/OneDrive/Documents/MR1c/GHCNh_USW00013972_1998.parquet,333136,2026-07-28T19:35:49Z,parquet,source data,raw retrieved source file or retrieval bundle,UNASSIGNED,,,PRIOR_HASH_MATCH,OneDrive/Documents/MR1c/hashes.csv,1,YES,REFERENCE_IN_PLACE_DO_NOT_COPY,,
7480eee1b205d62ecd81701dec847d5e164e6f1153c824ad1a152966b6e82c2d,/mnt/c/Users/fuent/OneDrive/Documents/MR1c,GHCNh_USW00013972_1999.parquet,/mnt/c/Users/fuent/OneDrive/Documents/MR1c/GHCNh_USW00013972_1999.parquet,457920,2026-07-28T19:35:50Z,parquet,source data,raw retrieved source file or retrieval bundle,UNASSIGNED,,,PRIOR_HASH_MATCH,OneDrive/Documents/MR1c/hashes.csv,1,YES,REFERENCE_IN_PLACE_DO_NOT_COPY,,
46dbb28e59cbe4aaab87f942d70ab300d030e7b9fc42095d996b6afa9d1a7a85,/mnt/c/Users/fuent/OneDrive/Documents/MR1c,GHCNh_USW00013972_2000.parquet,/mnt/c/Users/fuent/OneDrive/Documents/MR1c/GHCNh_USW00013972_2000.parquet,761215,2026-07-28T19:35:50Z,parquet,source data,raw retrieved source file or retrieval bundle,UNASSIGNED,,,PRIOR_HASH_MATCH,OneDrive/Documents/MR1c/hashes.csv,1,YES,REFERENCE_IN_PLACE_DO_NOT_COPY,,
4418bebc8eb55a68ce3e15f29a6fc0701c983aa9d562e0cdc20c617510640d5b,/mnt/c/Users/fuent/OneDrive/Documents/MR1c,GHCNh_USW00013972_2001.parquet,/mnt/c/Users/fuent/OneDrive/Documents/MR1c/GHCNh_USW00013972_2001.parquet,788422,2026-07-28T19:35:50Z,parquet,source data,raw retrieved source file or retrieval bundle,UNASSIGNED,,,PRIOR_HASH_MATCH,OneDrive/Documents/MR1c/hashes.csv,1,YES,REFERENCE_IN_PLACE_DO_NOT_COPY,,
3a696666bbd881ae06c7991656cce9f242215517fb07d9d425db2cc0202df5da,/mnt/c/Users/fuent/OneDrive/Documents/MR1c,GHCNh_USW00013972_2002.parquet,/mnt/c/Users/fuent/OneDrive/Documents/MR1c/GHCNh_USW00013972_2002.parquet,807757,2026-07-28T19:35:50Z,parquet,source data,raw retrieved source file or retrieval bundle,UNASSIGNED,,,PRIOR_HASH_MATCH,OneDrive/Documents/MR1c/hashes.csv,1,YES,REFERENCE_IN_PLACE_DO_NOT_COPY,,
4557a4c04bf6ec9e44b415a25c0d2a34f869abfa392016846d518e4407de15dd,/mnt/c/Users/fuent/OneDrive/Documents/MR1c,GHCNh_USW00013972_2003.parquet,/mnt/c/Users/fuent/OneDrive/Documents/MR1c/GHCNh_USW00013972_2003.parquet,817101,2026-07-28T19:35:50Z,parquet,source data,raw retrieved source file or retrieval bundle,UNASSIGNED,,,PRIOR_HASH_MATCH,OneDrive/Documents/MR1c/hashes.csv,1,YES,REFERENCE_IN_PLACE_DO_NOT_COPY,,
a9e3b222283a6ec0c0dc02ef6b7cab26bba3656f72a7a2a5e85905064640c218,/mnt/c/Users/fuent/OneDrive/Documents/MR1c,GHCNh_USW00013972_2004.parquet,/mnt/c/Users/fuent/OneDrive/Documents/MR1c/GHCNh_USW00013972_2004.parquet,909654,2026-07-28T19:35:50Z,parquet,source data,raw retrieved source file or retrieval bundle,UNASSIGNED,,,PRIOR_HASH_MATCH,OneDrive/Documents/MR1c/hashes.csv,1,YES,REFERENCE_IN_PLACE_DO_NOT_COPY,,
30d46bfb014f6ee6da84ffe1f45b2f8306131eb4f213f5c6af617c093e2800d5,/mnt/c/Users/fuent/OneDrive/Documents/MR1c,GHCNh_USW00013972_2005.parquet,/mnt/c/Users/fuent/OneDrive/Documents/MR1c/GHCNh_USW00013972_2005.parquet,864536,2026-07-28T19:35:50Z,parquet,source data,raw retrieved source file or retrieval bundle,UNASSIGNED,,,PRIOR_HASH_MATCH,OneDrive/Documents/MR1c/hashes.csv,1,YES,REFERENCE_IN_PLACE_DO_NOT_COPY,,
c833bf6feb36ce59dbfc84cf676e7014f04e8ab866f5b51851f66e868ac124d2,/mnt/c/Users/fuent/OneDrive/Documents/MR1c,GHCNh_USW00013972_2006.parquet,/mnt/c/Users/fuent/OneDrive/Documents/MR1c/GHCNh_USW00013972_2006.parquet,890150,2026-07-28T19:35:50Z,parquet,source data,raw retrieved source file or retrieval bundle,UNASSIGNED,,,PRIOR_HASH_MATCH,OneDrive/Documents/MR1c/hashes.csv,1,YES,REFERENCE_IN_PLACE_DO_NOT_COPY,,
fe45d5252030aa7f662d32ccb034650e95f177b450b071d7c2ba0ff676c6a7a1,/mnt/c/Users/fuent/OneDrive/Documents/MR1c,GHCNh_USW00013972_2007.parquet,/mnt/c/Users/fuent/OneDrive/Documents/MR1c/GHCNh_USW00013972_2007.parquet,1016257,2026-07-28T19:35:51Z,parquet,source data,raw retrieved source file or retrieval bundle,UNASSIGNED,,,PRIOR_HASH_MATCH,OneDrive/Documents/MR1c/hashes.csv,1,YES,REFERENCE_IN_PLACE_DO_NOT_COPY,,
64cf61ccd561e480ab1c900e6dff867774d68f2e2cc8f9cae55a07e5cd705c02,/mnt/c/Users/fuent/OneDrive/Documents/MR1c,GHCNh_USW00013972_2008.parquet,/mnt/c/Users/fuent/OneDrive/Documents/MR1c/GHCNh_USW00013972_2008.parquet,943812,2026-07-28T19:35:51Z,parquet,source data,raw retrieved source file or retrieval bundle,UNASSIGNED,,,PRIOR_HASH_MATCH,OneDrive/Documents/MR1c/hashes.csv,1,YES,REFERENCE_IN_PLACE_DO_NOT_COPY,,
fa4de9a4b3601d8a5eeb21d4817f39c6a8c5fd7b19079552fc80d7db17b772f5,/mnt/c/Users/fuent/OneDrive/Documents/MR1c,GHCNh_USW00013972_2009.parquet,/mnt/c/Users/fuent/OneDrive/Documents/MR1c/GHCNh_USW00013972_2009.parquet,953643,2026-07-28T19:35:51Z,parquet,source data,raw retrieved source file or retrieval bundle,UNASSIGNED,,,PRIOR_HASH_MATCH,OneDrive/Documents/MR1c/hashes.csv,1,YES,REFERENCE_IN_PLACE_DO_NOT_COPY,,
ab1ea4a315cb847465cfda59fc702f71d79808396bca48c66777fc5454db3d0f,/mnt/c/Users/fuent/OneDrive/Documents/MR1c,GHCNh_USW00013972_2010.parquet,/mnt/c/Users/fuent/OneDrive/Documents/MR1c/GHCNh_USW00013972_2010.parquet,883410,2026-07-28T19:35:51Z,parquet,source data,raw retrieved source file or retrieval bundle,UNASSIGNED,,,PRIOR_HASH_MATCH,OneDrive/Documents/MR1c/hashes.csv,1,YES,REFERENCE_IN_PLACE_DO_NOT_COPY,,
eae58648bbf48a4b4c0cdb0d60120c3d56825f581793483c0338c2736316093e,/mnt/c/Users/fuent/OneDrive/Documents/MR1c,GHCNh_USW00013972_2011.parquet,/mnt/c/Users/fuent/OneDrive/Documents/MR1c/GHCNh_USW00013972_2011.parquet,850202,2026-07-28T19:35:51Z,parquet,source data,raw retrieved source file or retrieval bundle,UNASSIGNED,,,PRIOR_HASH_MATCH,OneDrive/Documents/MR1c/hashes.csv,1,YES,REFERENCE_IN_PLACE_DO_NOT_COPY,,
927f8b95639fb142584bbab74080c873baecb5f886ec9703344dc20a9f56a92e,/mnt/c/Users/fuent/OneDrive/Documents/MR1c,GHCNh_USW00013972_2012.parquet,/mnt/c/Users/fuent/OneDrive/Documents/MR1c/GHCNh_USW00013972_2012.parquet,853504,2026-07-28T19:35:51Z,parquet,source data,raw retrieved source file or retrieval bundle,UNASSIGNED,,,PRIOR_HASH_MATCH,OneDrive/Documents/MR1c/hashes.csv,1,YES,REFERENCE_IN_PLACE_DO_NOT_COPY,,
8b771d9fa34005ee2c944b3f0bdfaf7e8edc109d22ab505357394fabe398f409,/mnt/c/Users/fuent/OneDrive/Documents/MR1c,GHCNh_USW00013972_2013.parquet,/mnt/c/Users/fuent/OneDrive/Documents/MR1c/GHCNh_USW00013972_2013.parquet,858441,2026-07-28T19:35:51Z,parquet,source data,raw retrieved source file or retrieval bundle,UNASSIGNED,,,PRIOR_HASH_MATCH,OneDrive/Documents/MR1c/hashes.csv,1,YES,REFERENCE_IN_PLACE_DO_NOT_COPY,,
863a9fcfbc7b52cc3f18bd7c556f729367ef88bb608a8658d3bc5d55033e9082,/mnt/c/Users/fuent/OneDrive/Documents/MR1c,GHCNh_USW00013972_2014.parquet,/mnt/c/Users/fuent/OneDrive/Documents/MR1c/GHCNh_USW00013972_2014.parquet,887815,2026-07-28T19:35:51Z,parquet,source data,raw retrieved source file or retrieval bundle,UNASSIGNED,,,PRIOR_HASH_MATCH,OneDrive/Documents/MR1c/hashes.csv,1,YES,REFERENCE_IN_PLACE_DO_NOT_COPY,,
7f4b112ff9281dbd3e1adaef507af0a7d8e7152090dc535788d72df963045cc3,/mnt/c/Users/fuent/OneDrive/Documents/MR1c,GHCNh_USW00013972_2015.parquet,/mnt/c/Users/fuent/OneDrive/Documents/MR1c/GHCNh_USW00013972_2015.parquet,907273,2026-07-28T19:35:51Z,parquet,source data,raw retrieved source file or retrieval bundle,UNASSIGNED,,,PRIOR_HASH_MATCH,OneDrive/Documents/MR1c/hashes.csv,1,YES,REFERENCE_IN_PLACE_DO_NOT_COPY,,
7ec4d7e1d3591868a4a16f229deac3d0ab437e7efb0eb3857a4737f9fe3be6d2,/mnt/c/Users/fuent/OneDrive/Documents/MR1c,GHCNh_USW00013972_2016.parquet,/mnt/c/Users/fuent/OneDrive/Documents/MR1c/GHCNh_USW00013972_2016.parquet,854990,2026-07-28T19:35:52Z,parquet,source data,raw retrieved source file or retrieval bundle,UNASSIGNED,,,PRIOR_HASH_MATCH,OneDrive/Documents/MR1c/hashes.csv,1,YES,REFERENCE_IN_PLACE_DO_NOT_COPY,,
e945bbec1c244eaa1cff94e62a7cd5b6377e9e616f1d255492a1924e14ba76be,/mnt/c/Users/fuent/OneDrive/Documents/MR1c,GHCNh_USW00013972_2017.parquet,/mnt/c/Users/fuent/OneDrive/Documents/MR1c/GHCNh_USW00013972_2017.parquet,885752,2026-07-28T19:35:52Z,parquet,source data,raw retrieved source file or retrieval bundle,UNASSIGNED,,,PRIOR_HASH_MATCH,OneDrive/Documents/MR1c/hashes.csv,1,YES,REFERENCE_IN_PLACE_DO_NOT_COPY,,
7a38fe4a746eb169c74c74a12e335c8e9d11f96b711366106e633bf1a6cc8ae7,/mnt/c/Users/fuent/OneDrive/Documents/MR1c,GHCNh_USW00013972_2018.parquet,/mnt/c/Users/fuent/OneDrive/Documents/MR1c/GHCNh_USW00013972_2018.parquet,873529,2026-07-28T19:35:52Z,parquet,source data,raw retrieved source file or retrieval bundle,UNASSIGNED,,,PRIOR_HASH_MATCH,OneDrive/Documents/MR1c/hashes.csv,1,YES,REFERENCE_IN_PLACE_DO_NOT_COPY,,
275b48bbb367b8d8da5bab3a8a806de6e096cd2bcbd25e553227e4e54c0e18f4,/mnt/c/Users/fuent/OneDrive/Documents/MR1c,GHCNh_USW00013972_2019.parquet,/mnt/c/Users/fuent/OneDrive/Documents/MR1c/GHCNh_USW00013972_2019.parquet,892690,2026-07-28T19:35:52Z,parquet,source data,raw retrieved source file or retrieval bundle,UNASSIGNED,,,PRIOR_HASH_MATCH,OneDrive/Documents/MR1c/hashes.csv,1,YES,REFERENCE_IN_PLACE_DO_NOT_COPY,,
d0b70367b8797764a9e36693352477cb1ff9fa406f63755a1a8848d5f4cfecc9,/mnt/c/Users/fuent/OneDrive/Documents/MR1c,GHCNh_USW00013972_2020.parquet,/mnt/c/Users/fuent/OneDrive/Documents/MR1c/GHCNh_USW00013972_2020.parquet,900994,2026-07-28T19:35:52Z,parquet,source data,raw retrieved source file or retrieval bundle,UNASSIGNED,,,PRIOR_HASH_MATCH,OneDrive/Documents/MR1c/hashes.csv,1,YES,REFERENCE_IN_PLACE_DO_NOT_COPY,,
dc2e5df8f81ee77a4a593ad468bf72e8c825981b7f1f6f4783a701847fb89a52,/mnt/c/Users/fuent/OneDrive/Documents/MR1c,GHCNh_USW00013972_2021.parquet,/mnt/c/Users/fuent/OneDrive/Documents/MR1c/GHCNh_USW00013972_2021.parquet,907442,2026-07-28T19:35:52Z,parquet,source data,raw retrieved source file or retrieval bundle,UNASSIGNED,,,PRIOR_HASH_MATCH,OneDrive/Documents/MR1c/hashes.csv,1,YES,REFERENCE_IN_PLACE_DO_NOT_COPY,,
834e50b7cca9cc6d714b56d6f78b7840581ce2d15937af49cb6bff697df441a0,/mnt/c/Users/fuent/OneDrive/Documents/MR1c,GHCNh_USW00013972_2022.parquet,/mnt/c/Users/fuent/OneDrive/Documents/MR1c/GHCNh_USW00013972_2022.parquet,861143,2026-07-28T19:35:52Z,parquet,source data,raw retrieved source file or retrieval bundle,UNASSIGNED,,,PRIOR_HASH_MATCH,OneDrive/Documents/MR1c/hashes.csv,1,YES,REFERENCE_IN_PLACE_DO_NOT_COPY,,
3e29f37581a624e70fdfa57c7eaf56c9886596a625429498981190f3b3cda930,/mnt/c/Users/fuent/OneDrive/Documents/MR1c,GHCNh_USW00013972_2023.parquet,/mnt/c/Users/fuent/OneDrive/Documents/MR1c/GHCNh_USW00013972_2023.parquet,863358,2026-07-28T19:35:52Z,parquet,source data,raw retrieved source file or retrieval bundle,UNASSIGNED,,,PRIOR_HASH_MATCH,OneDrive/Documents/MR1c/hashes.csv,1,YES,REFERENCE_IN_PLACE_DO_NOT_COPY,,
529244e41909ee01412601e3529ea7f2b9ea9b126e66191af92997036a8e9a26,/mnt/c/Users/fuent/OneDrive/Documents/MR1c,GHCNh_USW00013972_2024.parquet,/mnt/c/Users/fuent/OneDrive/Documents/MR1c/GHCNh_USW00013972_2024.parquet,914798,2026-07-28T19:35:53Z,parquet,source data,raw retrieved source file or retrieval bundle,UNASSIGNED,,,PRIOR_HASH_MATCH,OneDrive/Documents/MR1c/hashes.csv,1,YES,REFERENCE_IN_PLACE_DO_NOT_COPY,,
e78fd037f3ca229afce8d40ef81c5d8d4d5eabe7c35cadbe1b2eb7521cf54dca,/mnt/c/Users/fuent/OneDrive/Documents/MR1c,GHCNh_USW00013972_2025.parquet,/mnt/c/Users/fuent/OneDrive/Documents/MR1c/GHCNh_USW00013972_2025.parquet,808052,2026-07-28T19:35:53Z,parquet,source data,raw retrieved source file or retrieval bundle,UNASSIGNED,,,PRIOR_HASH_MATCH,OneDrive/Documents/MR1c/hashes.csv,1,YES,REFERENCE_IN_PLACE_DO_NOT_COPY,,
ec22f51c3c5b4eb913ad7142c40c9003f2e265ba751d69d8acbf658f037855d2,/mnt/c/Users/fuent/OneDrive/Documents/MR1c,GHCNh_USW00013972_2026.parquet,/mnt/c/Users/fuent/OneDrive/Documents/MR1c/GHCNh_USW00013972_2026.parquet,718330,2026-07-28T19:35:53Z,parquet,source data,raw retrieved source file or retrieval bundle,UNASSIGNED,,,PRIOR_HASH_MATCH,OneDrive/Documents/MR1c/hashes.csv,1,YES,REFERENCE_IN_PLACE_DO_NOT_COPY,,
a39b7a0bf8147000f944dec485a391f7c92de59905d9f79dd66c74dcce142c65,/mnt/c/Users/fuent/OneDrive/Documents/MR1c,GHCNh_USW00023023_1995.parquet,/mnt/c/Users/fuent/OneDrive/Documents/MR1c/GHCNh_USW00023023_1995.parquet,499312,2026-07-28T19:33:34Z,parquet,source data,raw retrieved source file or retrieval bundle,UNASSIGNED,,,PRIOR_HASH_MATCH,OneDrive/Documents/MR1c/hashes.csv,1,YES,REFERENCE_IN_PLACE_DO_NOT_COPY,,
60dd77d1666131a184e55a60c3f109841128103cf4b4a07f4d03a540146e980b,/mnt/c/Users/fuent/OneDrive/Documents/MR1c,GHCNh_USW00023023_1996.parquet,/mnt/c/Users/fuent/OneDrive/Documents/MR1c/GHCNh_USW00023023_1996.parquet,503813,2026-07-28T19:33:34Z,parquet,source data,raw retrieved source file or retrieval bundle,UNASSIGNED,,,PRIOR_HASH_MATCH,OneDrive/Documents/MR1c/hashes.csv,1,YES,REFERENCE_IN_PLACE_DO_NOT_COPY,,
48e56be6a85bc673410b7dcc2e73a5fbb808f372abafee613ff9a2326d28a178,/mnt/c/Users/fuent/OneDrive/Documents/MR1c,GHCNh_USW00023023_1997.parquet,/mnt/c/Users/fuent/OneDrive/Documents/MR1c/GHCNh_USW00023023_1997.parquet,591838,2026-07-28T19:33:34Z,parquet,source data,raw retrieved source file or retrieval bundle,UNASSIGNED,,,PRIOR_HASH_MATCH,OneDrive/Documents/MR1c/hashes.csv,1,YES,REFERENCE_IN_PLACE_DO_NOT_COPY,,
dbc52880550e6152e7f7453313625c8b659c6e0917c18159d0453fce489b035e,/mnt/c/Users/fuent/OneDrive/Documents/MR1c,GHCNh_USW00023023_1998.parquet,/mnt/c/Users/fuent/OneDrive/Documents/MR1c/GHCNh_USW00023023_1998.parquet,542424,2026-07-28T19:33:34Z,parquet,source data,raw retrieved source file or retrieval bundle,UNASSIGNED,,,PRIOR_HASH_MATCH,OneDrive/Documents/MR1c/hashes.csv,1,YES,REFERENCE_IN_PLACE_DO_NOT_COPY,,
47ad11a289ff6452895ce17bcac72d941bae03d01ced4b67d5ea641d58ccceb2,/mnt/c/Users/fuent/OneDrive/Documents/MR1c,GHCNh_USW00023023_1999.parquet,/mnt/c/Users/fuent/OneDrive/Documents/MR1c/GHCNh_USW00023023_1999.parquet,582134,2026-07-28T19:33:34Z,parquet,source data,raw retrieved source file or retrieval bundle,UNASSIGNED,,,PRIOR_HASH_MATCH,OneDrive/Documents/MR1c/hashes.csv,1,YES,REFERENCE_IN_PLACE_DO_NOT_COPY,,
2ddd4ddbace820a812cf139bd00b40088b1e6218e492b22c8834a1e766c4413e,/mnt/c/Users/fuent/OneDrive/Documents/MR1c,GHCNh_USW00023023_2000.parquet,/mnt/c/Users/fuent/OneDrive/Documents/MR1c/GHCNh_USW00023023_2000.parquet,851813,2026-07-28T19:33:34Z,parquet,source data,raw retrieved source file or retrieval bundle,UNASSIGNED,,,PRIOR_HASH_MATCH,OneDrive/Documents/MR1c/hashes.csv,1,YES,REFERENCE_IN_PLACE_DO_NOT_COPY,,
0461d19ba5b2567e5754572932c4d4ea9ef474163d7488bb05b34e35fb35dedf,/mnt/c/Users/fuent/OneDrive/Documents/MR1c,GHCNh_USW00023023_2001.parquet,/mnt/c/Users/fuent/OneDrive/Documents/MR1c/GHCNh_USW00023023_2001.parquet,840741,2026-07-28T19:33:35Z,parquet,source data,raw retrieved source file or retrieval bundle,UNASSIGNED,,,PRIOR_HASH_MATCH,OneDrive/Documents/MR1c/hashes.csv,1,YES,REFERENCE_IN_PLACE_DO_NOT_COPY,,
72f59b25720fc55e4d616a42d1c1c9eacf219e4415c54c925820285282da9fdb,/mnt/c/Users/fuent/OneDrive/Documents/MR1c,GHCNh_USW00023023_2002.parquet,/mnt/c/Users/fuent/OneDrive/Documents/MR1c/GHCNh_USW00023023_2002.parquet,794310,2026-07-28T19:33:35Z,parquet,source data,raw retrieved source file or retrieval bundle,UNASSIGNED,,,PRIOR_HASH_MATCH,OneDrive/Documents/MR1c/hashes.csv,1,YES,REFERENCE_IN_PLACE_DO_NOT_COPY,,
6792aca7c5927fa7e43dd0940763cb434f5455189f15002280db4ae207e5cce4,/mnt/c/Users/fuent/OneDrive/Documents/MR1c,GHCNh_USW00023023_2003.parquet,/mnt/c/Users/fuent/OneDrive/Documents/MR1c/GHCNh_USW00023023_2003.parquet,855312,2026-07-28T19:33:35Z,parquet,source data,raw retrieved source file or retrieval bundle,UNASSIGNED,,,PRIOR_HASH_MATCH,OneDrive/Documents/MR1c/hashes.csv,1,YES,REFERENCE_IN_PLACE_DO_NOT_COPY,,
3c7adfb77200dc8155889e2254dd43bd6865710cde6ea48c65efc96998efda29,/mnt/c/Users/fuent/OneDrive/Documents/MR1c,GHCNh_USW00023023_2004.parquet,/mnt/c/Users/fuent/OneDrive/Documents/MR1c/GHCNh_USW00023023_2004.parquet,956884,2026-07-28T19:33:35Z,parquet,source data,raw retrieved source file or retrieval bundle,UNASSIGNED,,,PRIOR_HASH_MATCH,OneDrive/Documents/MR1c/hashes.csv,1,YES,REFERENCE_IN_PLACE_DO_NOT_COPY,,
f238df0894101e328aafe6f4064c6e647d73958bfa3cffeb50d760e0efa7aefb,/mnt/c/Users/fuent/OneDrive/Documents/MR1c,GHCNh_USW00023023_2005.parquet,/mnt/c/Users/fuent/OneDrive/Documents/MR1c/GHCNh_USW00023023_2005.parquet,962948,2026-07-28T19:35:42Z,parquet,source data,raw retrieved source file or retrieval bundle,UNASSIGNED,,,PRIOR_HASH_MATCH,OneDrive/Documents/MR1c/hashes.csv,1,YES,REFERENCE_IN_PLACE_DO_NOT_COPY,,
09420a0e6d9c3c72829bd7e0d8fea3f73203ae286ad007aded9d04ac330940c6,/mnt/c/Users/fuent/OneDrive/Documents/MR1c,GHCNh_USW00023023_2006.parquet,/mnt/c/Users/fuent/OneDrive/Documents/MR1c/GHCNh_USW00023023_2006.parquet,902755,2026-07-28T19:35:42Z,parquet,source data,raw retrieved source file or retrieval bundle,UNASSIGNED,,,PRIOR_HASH_MATCH,OneDrive/Documents/MR1c/hashes.csv,1,YES,REFERENCE_IN_PLACE_DO_NOT_COPY,,
1512082e61ef4e83c34d5c67307d65312bf3ee165deb31600f40da83f19a39d3,/mnt/c/Users/fuent/OneDrive/Documents/MR1c,GHCNh_USW00023023_2007.parquet,/mnt/c/Users/fuent/OneDrive/Documents/MR1c/GHCNh_USW00023023_2007.parquet,1039542,2026-07-28T19:35:42Z,parquet,source data,raw retrieved source file or retrieval bundle,UNASSIGNED,,,PRIOR_HASH_MATCH,OneDrive/Documents/MR1c/hashes.csv,1,YES,REFERENCE_IN_PLACE_DO_NOT_COPY,,
a2955013391d2aef7782bad5e9fafeda06bf733b6941ca9d3e2430380c4330b1,/mnt/c/Users/fuent/OneDrive/Documents/MR1c,GHCNh_USW00023023_2008.parquet,/mnt/c/Users/fuent/OneDrive/Documents/MR1c/GHCNh_USW00023023_2008.parquet,918247,2026-07-28T19:35:43Z,parquet,source data,raw retrieved source file or retrieval bundle,UNASSIGNED,,,PRIOR_HASH_MATCH,OneDrive/Documents/MR1c/hashes.csv,1,YES,REFERENCE_IN_PLACE_DO_NOT_COPY,,
1c6b07312ab02c3019a5003da9031fd228dbfd54fc00e93b64a0b7aa2c12dcc8,/mnt/c/Users/fuent/OneDrive/Documents/MR1c,GHCNh_USW00023023_2009.parquet,/mnt/c/Users/fuent/OneDrive/Documents/MR1c/GHCNh_USW00023023_2009.parquet,920958,2026-07-28T19:35:43Z,parquet,source data,raw retrieved source file or retrieval bundle,UNASSIGNED,,,PRIOR_HASH_MATCH,OneDrive/Documents/MR1c/hashes.csv,1,YES,REFERENCE_IN_PLACE_DO_NOT_COPY,,
41f8c20542047cadf1e65a4d9328f75b8105cc7af50cd2e16c03cb494929190f,/mnt/c/Users/fuent/OneDrive/Documents/MR1c,GHCNh_USW00023023_2010.parquet,/mnt/c/Users/fuent/OneDrive/Documents/MR1c/GHCNh_USW00023023_2010.parquet,987334,2026-07-28T19:35:43Z,parquet,source data,raw retrieved source file or retrieval bundle,UNASSIGNED,,,PRIOR_HASH_MATCH,OneDrive/Documents/MR1c/hashes.csv,1,YES,REFERENCE_IN_PLACE_DO_NOT_COPY,,
950534441051d7b82d92a5361813f3c6caafe075656e7a84f41fa0992be035c0,/mnt/c/Users/fuent/OneDrive/Documents/MR1c,GHCNh_USW00023023_2011.parquet,/mnt/c/Users/fuent/OneDrive/Documents/MR1c/GHCNh_USW00023023_2011.parquet,870250,2026-07-28T19:35:43Z,parquet,source data,raw retrieved source file or retrieval bundle,UNASSIGNED,,,PRIOR_HASH_MATCH,OneDrive/Documents/MR1c/hashes.csv,1,YES,REFERENCE_IN_PLACE_DO_NOT_COPY,,
09bede3cb46d07814b1f01fbe64bd2d3006c91b0fa5b27d689883460d40f5180,/mnt/c/Users/fuent/OneDrive/Documents/MR1c,GHCNh_USW00023023_2012.parquet,/mnt/c/Users/fuent/OneDrive/Documents/MR1c/GHCNh_USW00023023_2012.parquet,871395,2026-07-28T19:35:43Z,parquet,source data,raw retrieved source file or retrieval bundle,UNASSIGNED,,,PRIOR_HASH_MATCH,OneDrive/Documents/MR1c/hashes.csv,1,YES,REFERENCE_IN_PLACE_DO_NOT_COPY,,
f43260bbf52b9227200dbb087064c8f4576047f96bcec0605ed58bb54228c355,/mnt/c/Users/fuent/OneDrive/Documents/MR1c,GHCNh_USW00023023_2013.parquet,/mnt/c/Users/fuent/OneDrive/Documents/MR1c/GHCNh_USW00023023_2013.parquet,889675,2026-07-28T19:35:43Z,parquet,source data,raw retrieved source file or retrieval bundle,UNASSIGNED,,,PRIOR_HASH_MATCH,OneDrive/Documents/MR1c/hashes.csv,1,YES,REFERENCE_IN_PLACE_DO_NOT_COPY,,
17abc3b04c2cea3b5b5191eaaad5a57240179042d48aed4e638da5780fc8ea66,/mnt/c/Users/fuent/OneDrive/Documents/MR1c,GHCNh_USW00023023_2014.parquet,/mnt/c/Users/fuent/OneDrive/Documents/MR1c/GHCNh_USW00023023_2014.parquet,908859,2026-07-28T19:35:43Z,parquet,source data,raw retrieved source file or retrieval bundle,UNASSIGNED,,,PRIOR_HASH_MATCH,OneDrive/Documents/MR1c/hashes.csv,1,YES,REFERENCE_IN_PLACE_DO_NOT_COPY,,
5db7c6d5f3770c4bbc8f395cbfb37c0de931d1f2deda54a27f60c85964159ccd,/mnt/c/Users/fuent/OneDrive/Documents/MR1c,GHCNh_USW00023023_2015.parquet,/mnt/c/Users/fuent/OneDrive/Documents/MR1c/GHCNh_USW00023023_2015.parquet,988400,2026-07-28T19:35:43Z,parquet,source data,raw retrieved source file or retrieval bundle,UNASSIGNED,,,PRIOR_HASH_MATCH,OneDrive/Documents/MR1c/hashes.csv,1,YES,REFERENCE_IN_PLACE_DO_NOT_COPY,,
451f27f3401f3921f737ff73e83b489134bdd7bddafc7e0cc2861aee5861f41e,/mnt/c/Users/fuent/OneDrive/Documents/MR1c,GHCNh_USW00023023_2016.parquet,/mnt/c/Users/fuent/OneDrive/Documents/MR1c/GHCNh_USW00023023_2016.parquet,941848,2026-07-28T19:35:44Z,parquet,source data,raw retrieved source file or retrieval bundle,UNASSIGNED,,,PRIOR_HASH_MATCH,OneDrive/Documents/MR1c/hashes.csv,1,YES,REFERENCE_IN_PLACE_DO_NOT_COPY,,
a883c8376e905fd6f71670c0b4986df6c8d9c42e2b9f7dfb7225ca604d838138,/mnt/c/Users/fuent/OneDrive/Documents/MR1c,GHCNh_USW00023023_2017.parquet,/mnt/c/Users/fuent/OneDrive/Documents/MR1c/GHCNh_USW00023023_2017.parquet,932056,2026-07-28T19:35:44Z,parquet,source data,raw retrieved source file or retrieval bundle,UNASSIGNED,,,PRIOR_HASH_MATCH,OneDrive/Documents/MR1c/hashes.csv,1,YES,REFERENCE_IN_PLACE_DO_NOT_COPY,,
15e0df6d68b132584afad56ae0bd22b37db21939c962d59ec8712893f62e148a,/mnt/c/Users/fuent/OneDrive/Documents/MR1c,GHCNh_USW00023023_2018.parquet,/mnt/c/Users/fuent/OneDrive/Documents/MR1c/GHCNh_USW00023023_2018.parquet,929456,2026-07-28T19:35:44Z,parquet,source data,raw retrieved source file or retrieval bundle,UNASSIGNED,,,PRIOR_HASH_MATCH,OneDrive/Documents/MR1c/hashes.csv,1,YES,REFERENCE_IN_PLACE_DO_NOT_COPY,,
5498af22263306b9499907a0acfeb8181aca0b3d6cde68ffa5f1b24db93ba98f,/mnt/c/Users/fuent/OneDrive/Documents/MR1c,GHCNh_USW00023023_2019.parquet,/mnt/c/Users/fuent/OneDrive/Documents/MR1c/GHCNh_USW00023023_2019.parquet,900566,2026-07-28T19:35:44Z,parquet,source data,raw retrieved source file or retrieval bundle,UNASSIGNED,,,PRIOR_HASH_MATCH,OneDrive/Documents/MR1c/hashes.csv,1,YES,REFERENCE_IN_PLACE_DO_NOT_COPY,,
391f9e76ccd60a28b27763f320d1301a0cbbde017fd74f02478c6570d5c52c1c,/mnt/c/Users/fuent/OneDrive/Documents/MR1c,GHCNh_USW00023023_2020.parquet,/mnt/c/Users/fuent/OneDrive/Documents/MR1c/GHCNh_USW00023023_2020.parquet,880499,2026-07-28T19:35:44Z,parquet,source data,raw retrieved source file or retrieval bundle,UNASSIGNED,,,PRIOR_HASH_MATCH,OneDrive/Documents/MR1c/hashes.csv,1,YES,REFERENCE_IN_PLACE_DO_NOT_COPY,,
1ed428cafc7ac082878c141d9dfedfa9c496b3a697144018e23d51b826ba100b,/mnt/c/Users/fuent/OneDrive/Documents/MR1c,GHCNh_USW00023023_2021.parquet,/mnt/c/Users/fuent/OneDrive/Documents/MR1c/GHCNh_USW00023023_2021.parquet,905670,2026-07-28T19:35:44Z,parquet,source data,raw retrieved source file or retrieval bundle,UNASSIGNED,,,PRIOR_HASH_MATCH,OneDrive/Documents/MR1c/hashes.csv,1,YES,REFERENCE_IN_PLACE_DO_NOT_COPY,,
4934de3d7c67b0c8989a0432ad59f9f41c99e8d125c1ef5bd644c6d4ca97a264,/mnt/c/Users/fuent/OneDrive/Documents/MR1c,GHCNh_USW00023023_2022.parquet,/mnt/c/Users/fuent/OneDrive/Documents/MR1c/GHCNh_USW00023023_2022.parquet,889050,2026-07-28T19:35:44Z,parquet,source data,raw retrieved source file or retrieval bundle,UNASSIGNED,,,PRIOR_HASH_MATCH,OneDrive/Documents/MR1c/hashes.csv,1,YES,REFERENCE_IN_PLACE_DO_NOT_COPY,,
002f1c54748cebb5e51d3094e48fab49a85ad905bffd3b7af34b050c28a4ea53,/mnt/c/Users/fuent/OneDrive/Documents/MR1c,GHCNh_USW00023023_2023.parquet,/mnt/c/Users/fuent/OneDrive/Documents/MR1c/GHCNh_USW00023023_2023.parquet,912895,2026-07-28T19:35:44Z,parquet,source data,raw retrieved source file or retrieval bundle,UNASSIGNED,,,PRIOR_HASH_MATCH,OneDrive/Documents/MR1c/hashes.csv,1,YES,REFERENCE_IN_PLACE_DO_NOT_COPY,,
bc58bc7a10ce145fd2fefa7e0ab1778230ef6c64cd8aaf176faf30cfa81bdcc4,/mnt/c/Users/fuent/OneDrive/Documents/MR1c,GHCNh_USW00023023_2024.parquet,/mnt/c/Users/fuent/OneDrive/Documents/MR1c/GHCNh_USW00023023_2024.parquet,953778,2026-07-28T19:35:45Z,parquet,source data,raw retrieved source file or retrieval bundle,UNASSIGNED,,,PRIOR_HASH_MATCH,OneDrive/Documents/MR1c/hashes.csv,1,YES,REFERENCE_IN_PLACE_DO_NOT_COPY,,
44cd214b95f51a44fb055e546a470f3018955517c0eefe8cc23a5442a5ff36f6,/mnt/c/Users/fuent/OneDrive/Documents/MR1c,GHCNh_USW00023023_2025.parquet,/mnt/c/Users/fuent/OneDrive/Documents/MR1c/GHCNh_USW00023023_2025.parquet,909095,2026-07-28T19:35:45Z,parquet,source data,raw retrieved source file or retrieval bundle,UNASSIGNED,,,PRIOR_HASH_MATCH,OneDrive/Documents/MR1c/hashes.csv,1,YES,REFERENCE_IN_PLACE_DO_NOT_COPY,,
f45856d2a3a01a34cfc245a4ad1a9c2e00347f615d978f8fdf74d425a8c464bc,/mnt/c/Users/fuent/OneDrive/Documents/MR1c,GHCNh_USW00023023_2026.parquet,/mnt/c/Users/fuent/OneDrive/Documents/MR1c/GHCNh_USW00023023_2026.parquet,897393,2026-07-28T19:35:45Z,parquet,source data,raw retrieved source file or retrieval bundle,UNASSIGNED,,,PRIOR_HASH_MATCH,OneDrive/Documents/MR1c/hashes.csv,1,YES,REFERENCE_IN_PLACE_DO_NOT_COPY,,
813d8d534b929995783e14d7ba74beb36da6068ce856fbe9a3c33e3d7a3983cb,/mnt/c/Users/fuent/OneDrive/Documents/MR1c,MR1c_batch1.zip,/mnt/c/Users/fuent/OneDrive/Documents/MR1c/MR1c_batch1.zip,22027044,2026-07-29T00:40:46Z,zip,source data,raw retrieved source file or retrieval bundle,UNASSIGNED,,,FIRST_RECORDED_AT_MIGRATION,,1,YES,REFERENCE_IN_PLACE_DO_NOT_COPY,,
c88d7845d436ad500f266032407a1cdf0dfa637241dcea28729b1668f593449c,/mnt/c/Users/fuent/OneDrive/Documents/MR1c,MR1c_batch2.zip,/mnt/c/Users/fuent/OneDrive/Documents/MR1c/MR1c_batch2.zip,21736664,2026-07-29T00:40:47Z,zip,source data,raw retrieved source file or retrieval bundle,UNASSIGNED,,,FIRST_RECORDED_AT_MIGRATION,,1,YES,REFERENCE_IN_PLACE_DO_NOT_COPY,,
b12a837bf3d1e43e6cd67c47de14d18d3155695f696694fe5e3620a80c901d88,/mnt/c/Users/fuent/OneDrive/Documents/MR1c,MR1c_batch3.zip,/mnt/c/Users/fuent/OneDrive/Documents/MR1c/MR1c_batch3.zip,22958237,2026-07-29T00:40:50Z,zip,source data,raw retrieved source file or retrieval bundle,UNASSIGNED,,,FIRST_RECORDED_AT_MIGRATION,,1,YES,REFERENCE_IN_PLACE_DO_NOT_COPY,,
64efa205097846aa53eb5983ab0cdf4c2b14d25de15572de20f10e2a2cc9b40f,/mnt/c/Users/fuent/OneDrive/Documents/MR1c,MR1c_batch4.zip,/mnt/c/Users/fuent/OneDrive/Documents/MR1c/MR1c_batch4.zip,19294160,2026-07-29T00:40:52Z,zip,source data,raw retrieved source file or retrieval bundle,UNASSIGNED,,,FIRST_RECORDED_AT_MIGRATION,,1,YES,REFERENCE_IN_PLACE_DO_NOT_COPY,,
dd13391296c090d684f3723ff30240bb82827f82a9959b04e324fd6855f19110,/mnt/c/Users/fuent/OneDrive/Documents/MR1c,MR1c_batch5.zip,/mnt/c/Users/fuent/OneDrive/Documents/MR1c/MR1c_batch5.zip,23026040,2026-07-29T00:40:54Z,zip,source data,raw retrieved source file or retrieval bundle,UNASSIGNED,,,FIRST_RECORDED_AT_MIGRATION,,1,YES,REFERENCE_IN_PLACE_DO_NOT_COPY,,
96dadaf0b88d59d2979a1c6402506be275a26fda69cffe4038b88dc286be3729,/mnt/c/Users/fuent/OneDrive/Documents/MR1c,MR1c_batch6.zip,/mnt/c/Users/fuent/OneDrive/Documents/MR1c/MR1c_batch6.zip,19195849,2026-07-29T00:40:56Z,zip,source data,raw retrieved source file or retrieval bundle,UNASSIGNED,,,FIRST_RECORDED_AT_MIGRATION,,1,YES,REFERENCE_IN_PLACE_DO_NOT_COPY,,
7249448e7d80ee42007b85fcb1f5b21a9584688f26fc027fb8264b7c728c2c18,/mnt/c/Users/fuent/OneDrive/Documents/MR1c,MR1c_batch7.zip,/mnt/c/Users/fuent/OneDrive/Documents/MR1c/MR1c_batch7.zip,18061722,2026-07-29T00:40:57Z,zip,source data,raw retrieved source file or retrieval bundle,UNASSIGNED,,,FIRST_RECORDED_AT_MIGRATION,,1,YES,REFERENCE_IN_PLACE_DO_NOT_COPY,,
e81d891d138a4a4b6b1929e7eb8c36ccb221b8f19381021d28b1bc3a1ec4963c,/mnt/c/Users/fuent/OneDrive/Documents/MR1c,MR1c_batch8.zip,/mnt/c/Users/fuent/OneDrive/Documents/MR1c/MR1c_batch8.zip,19799666,2026-07-29T00:40:59Z,zip,source data,raw retrieved source file or retrieval bundle,UNASSIGNED,,,FIRST_RECORDED_AT_MIGRATION,,1,YES,REFERENCE_IN_PLACE_DO_NOT_COPY,,
ad194f309825d7959b2b10e11b48a04d3cadcf5f876ba45ff36e3fce6fa5763b,/mnt/c/Users/fuent/OneDrive/Documents/MR1c,MR1c_batch9.zip,/mnt/c/Users/fuent/OneDrive/Documents/MR1c/MR1c_batch9.zip,16413517,2026-07-29T00:42:41Z,zip,source data,raw retrieved source file or retrieval bundle,UNASSIGNED,,,FIRST_RECORDED_AT_MIGRATION,,1,YES,REFERENCE_IN_PLACE_DO_NOT_COPY,,
a346869a6f45647caf8b5e497351d5600bea7e233e03bfa169a36b551bab3f21,/mnt/c/Users/fuent/OneDrive/Documents/MR1c,hashes.csv,/mnt/c/Users/fuent/OneDrive/Documents/MR1c/hashes.csv,42939,2026-07-29T00:40:05Z,csv,manifest,hash index / retrieval manifest / provenance ledger,UNASSIGNED,,,PRIOR_HASH_MISMATCH,mr1a_inventory.csv,1,YES,PROPOSE_IMPORT,AMBIGUOUS_BASENAME_ONLY_NOT_DRIFT,F-08: no prior digest asserted for this path; basename collision with MR1a copy. Not drift.
0822aea2f7a81c15cd76a969005ed3dc8d2a7980af1a13436fd71cb93938ad6b,/mnt/c/Users/fuent/OneDrive/Documents/MR1c,manifest.txt,/mnt/c/Users/fuent/OneDrive/Documents/MR1c/manifest.txt,883,2026-07-29T00:40:24Z,txt,manifest,hash index / retrieval manifest / provenance ledger,UNASSIGNED,,,PRIOR_HASH_MISMATCH,mr1a_inventory.csv,1,YES,PROPOSE_IMPORT,AMBIGUOUS_BASENAME_ONLY_NOT_DRIFT,F-08: basename collision with MR1a copy. Not drift.
e3b0c44298fc1c149afbf4c8996fb92427ae41e4649b934ca495991b7852b855,/mnt/c/Users/fuent/OneDrive/Documents/MR1c,missing_files.txt,/mnt/c/Users/fuent/OneDrive/Documents/MR1c/missing_files.txt,0,2026-07-29T00:42:27Z,txt,manifest,hash index / retrieval manifest / provenance ledger,UNASSIGNED,,,FIRST_RECORDED_AT_MIGRATION,,1,YES,PROPOSE_IMPORT,,
9a4f15ee0afa41cb0606c78b007f0a485c2a4ae7c4b48ffc1285b3104e4c0668,/mnt/c/Users/fuent/Downloads/Artifacts from the First Chat,DRD_Input_Index_v1.md,/mnt/c/Users/fuent/Downloads/Artifacts from the First Chat/DRD_Input_Index_v1.md,10162,2026-07-29T02:27:51Z,md,obsolete,migration manifest status: HISTORICAL,ARCHIVE,DRD_Input_Index_v1.md,HISTORICAL,PRIOR_HASH_MATCH,Artifact_SHA256_Index_v2.md; Artifact_SHA256_Index_v3.md; Project_Migration_Manifest_v1.csv,2,YES,IMPORT_TO_ARCHIVE_ONLY,,
38144e26fd5abc65792fafb3ee78b2e7c2b7c5f591814fbe2ab86e9a8427658d,/mnt/c/Users/fuent/Downloads/Artifacts from the First Chat,DRD_Invariant_Implementation_Checklist.md,/mnt/c/Users/fuent/Downloads/Artifacts from the First Chat/DRD_Invariant_Implementation_Checklist.md,9618,2026-07-29T02:27:51Z,md,governing document,project governance/audit document,UNASSIGNED,,,PRIOR_HASH_MATCH,DRD_Input_Index_v1.md,2,YES,PROPOSE_IMPORT,,
39f8cd2961adb99f985a548641a8822918a1d3538a9068d0c7bde4eda48ff826,/mnt/c/Users/fuent/Downloads/Artifacts from the First Chat,ERCOT_Load_Quality_Report_v1.md,/mnt/c/Users/fuent/Downloads/Artifacts from the First Chat/ERCOT_Load_Quality_Report_v1.md,7089,2026-07-29T02:27:51Z,md,duplicate,byte-identical to primary copy at /mnt/c/Users/fuent/Documents/ERCOT_Project_Migration_2026-07-29/ERCOT_Load_Quality_Report_v1.md,SHARED,ERCOT_Load_Quality_Report_v1.md,ACTIVE,PRIOR_HASH_MATCH,Artifact_SHA256_Index_v2.md; Artifact_SHA256_Index_v3.md; DRD_Input_Index_v1.md; Project_Migration_Manifest_v1.csv; project_extracted_observed.sha256; mr1a_artifact_hashes.txt; mr1a_artifact_hashes_v2.txt,3,NO,DO_NOT_IMPORT_DUPLICATE,,
9a7a35f2729896153a377905d6095c9ed55ce637ce9ea04ff6d68dea6646dbc5,/mnt/c/Users/fuent/Downloads/Artifacts from the First Chat,Experiment_Freeze_Register_v1.md,/mnt/c/Users/fuent/Downloads/Artifacts from the First Chat/Experiment_Freeze_Register_v1.md,10000,2026-07-29T02:27:51Z,md,duplicate,byte-identical to primary copy at /mnt/c/Users/fuent/Documents/ERCOT_Project_Migration_2026-07-29/Experiment_Freeze_Register_v1.md,SHARED,Experiment_Freeze_Register_v1.md,CONTROLLING,PRIOR_HASH_MATCH,Artifact_SHA256_Index_v2.md; Artifact_SHA256_Index_v3.md; Artifact_SHA256_Index_v4.md; Artifact_SHA256_Index_v5.md; DRD_Input_Index_v1.md; Project_Migration_Manifest_v1.csv; project_extracted_observed.sha256,3,NO,DO_NOT_IMPORT_DUPLICATE,,
ccab1e08bc6fcf5a0e1d9a15cd00e12c04bbe0416b9a81ee92ab4b713414e918,/mnt/c/Users/fuent/Downloads/Artifacts from the First Chat,MR1a_Download_Checklist.md,/mnt/c/Users/fuent/Downloads/Artifacts from the First Chat/MR1a_Download_Checklist.md,2803,2026-07-29T02:27:51Z,md,governing document,project governance/audit document,UNASSIGNED,,,FIRST_RECORDED_AT_MIGRATION,,2,YES,PROPOSE_IMPORT,,
187e702bd7e0715a2389654cf1a32a2b576dcda5e4332ec9952e6e4ed0b9c938,/mnt/c/Users/fuent/Downloads/Artifacts from the First Chat,MR1a_Step_by_Step_Instructions.md,/mnt/c/Users/fuent/Downloads/Artifacts from the First Chat/MR1a_Step_by_Step_Instructions.md,7630,2026-07-29T02:27:51Z,md,governing document,project governance/audit document,UNASSIGNED,,,FIRST_RECORDED_AT_MIGRATION,,2,YES,PROPOSE_IMPORT,,same-name different-content conflict exists; see report section 12
9ab10c985d1b0a3099a76d5093bc9ca0b74c246382fdde3edabc994fe467cba1,/mnt/c/Users/fuent/Downloads/Artifacts from the First Chat,MR1b_Download_Checklist.md,/mnt/c/Users/fuent/Downloads/Artifacts from the First Chat/MR1b_Download_Checklist.md,4857,2026-07-29T02:27:51Z,md,governing document,project governance/audit document,UNASSIGNED,,,FIRST_RECORDED_AT_MIGRATION,,1,YES,PROPOSE_IMPORT,,
d1a7c1adffa5bd6e89e4f25bb880ca9a3f0fa9d51e2c473e48d051d524efe488,/mnt/c/Users/fuent/Downloads/Artifacts from the First Chat,MR1b_Download_Checklist_v2.md,/mnt/c/Users/fuent/Downloads/Artifacts from the First Chat/MR1b_Download_Checklist_v2.md,4808,2026-07-29T02:27:51Z,md,governing document,project governance/audit document,UNASSIGNED,,,FIRST_RECORDED_AT_MIGRATION,,1,YES,PROPOSE_IMPORT,,
137de32e8bbe426ef5531d5f5b1666a1267cd8da2fbb36dc138bbe0a621c2b6a,/mnt/c/Users/fuent/Downloads/Artifacts from the First Chat,MR1b_Findings_Table.md,/mnt/c/Users/fuent/Downloads/Artifacts from the First Chat/MR1b_Findings_Table.md,6468,2026-07-29T02:27:51Z,md,duplicate,byte-identical to primary copy at /mnt/c/Users/fuent/Documents/ERCOT_Project_Migration_2026-07-29/MR1b_Findings_Table.md,SHARED,MR1b_Findings_Table.md,ACTIVE,PRIOR_HASH_MATCH,Artifact_SHA256_Index_v2.md; Artifact_SHA256_Index_v3.md; DRD_Input_Index_v1.md; Project_Migration_Manifest_v1.csv; project_extracted_observed.sha256,3,NO,DO_NOT_IMPORT_DUPLICATE,,
861855cd9642f5c917fdd3949b35e66b884254220bbce99489db84299a2142b1,/mnt/c/Users/fuent/Downloads/Artifacts from the First Chat,MR1b_Live_Checklist.md,/mnt/c/Users/fuent/Downloads/Artifacts from the First Chat/MR1b_Live_Checklist.md,1971,2026-07-29T02:27:51Z,md,governing document,project governance/audit document,UNASSIGNED,,,FIRST_RECORDED_AT_MIGRATION,,1,YES,PROPOSE_IMPORT,,
ab5ba4ae8e59036cbc74689022a660f247518dace25de6401b95515ba0917a2f,/mnt/c/Users/fuent/Downloads/Artifacts from the First Chat,MR1c_Acquisition_Package.md,/mnt/c/Users/fuent/Downloads/Artifacts from the First Chat/MR1c_Acquisition_Package.md,9382,2026-07-29T02:27:51Z,md,governing document,project governance/audit document,UNASSIGNED,,,PRIOR_HASH_MATCH,DRD_Input_Index_v1.md,2,YES,PROPOSE_IMPORT,,
64e20f0c9916a3665e8005cf58dccfef10943c6b6bd4dc3239b2752778ffc0fc,/mnt/c/Users/fuent/Downloads/Artifacts from the First Chat,Milestone1_Decision_Record_DR1.md,/mnt/c/Users/fuent/Downloads/Artifacts from the First Chat/Milestone1_Decision_Record_DR1.md,12688,2026-07-29T02:27:51Z,md,obsolete,migration manifest status: HISTORICAL,ARCHIVE,Milestone1_Decision_Record_DR1.md (pre-ratification),HISTORICAL,PRIOR_HASH_MATCH,Artifact_SHA256_Index_v2.md; Artifact_SHA256_Index_v3.md; DRD_Input_Index_v1.md; Project_Migration_Manifest_v1.csv; project_extracted_observed.sha256,1,YES,IMPORT_TO_ARCHIVE_ONLY,,F-04: content 64e20f0c is the pre-ratification DR-1 predecessor. Must never replace the active 0780c4da copy.
7c8c5c727c4b2591c7bf5f166d2955bb5c560c72a7642d428d0ce608eec7628c,/mnt/c/Users/fuent/Downloads/Artifacts from the First Chat,NETL_SULI_Research_Directions_Evaluation.md,/mnt/c/Users/fuent/Downloads/Artifacts from the First Chat/NETL_SULI_Research_Directions_Evaluation.md,33962,2026-07-29T02:27:51Z,md,governing document,project governance/audit document,UNASSIGNED,,,FIRST_RECORDED_AT_MIGRATION,,3,YES,PROPOSE_IMPORT,,
de72ce14074fb76e2d87ed6e216b3864e11128b663fa80dba9ed8cd92888785d,/mnt/c/Users/fuent/Downloads/Artifacts from the First Chat,NETL_SULI_Research_Proposal_Regime_Aware_Forecasting.md,/mnt/c/Users/fuent/Downloads/Artifacts from the First Chat/NETL_SULI_Research_Proposal_Regime_Aware_Forecasting.md,10650,2026-07-29T02:27:51Z,md,governing document,project governance/audit document,UNASSIGNED,,,FIRST_RECORDED_AT_MIGRATION,,2,YES,PROPOSE_IMPORT,,same-name different-content conflict exists; see report section 12
5835e6d96521cfdb545ba5dd1e8d5899dbd1826b9ce061c7c9229fd14a3bb42f,/mnt/c/Users/fuent/Downloads/Artifacts from the First Chat,Phase1_Audit_Log_Entry1.md,/mnt/c/Users/fuent/Downloads/Artifacts from the First Chat/Phase1_Audit_Log_Entry1.md,9766,2026-07-29T02:27:51Z,md,governing document,project governance/audit document,UNASSIGNED,,,FIRST_RECORDED_AT_MIGRATION,,1,YES,PROPOSE_IMPORT,,
a5f314cd3a30a467068bb0cec3ffb3d8d696d91200a6702c79851021bbebbfcb,/mnt/c/Users/fuent/Downloads/Artifacts from the First Chat,Phase1_Audit_Log_Entry2.md,/mnt/c/Users/fuent/Downloads/Artifacts from the First Chat/Phase1_Audit_Log_Entry2.md,8609,2026-07-29T02:27:51Z,md,governing document,project governance/audit document,UNASSIGNED,,,FIRST_RECORDED_AT_MIGRATION,,1,YES,PROPOSE_IMPORT,,"F-05: two Entry 2 variants exist (a5f314cd here, e5129550 in the 8_38pm archive). Neither has a prior digest. Authoritative copy NOT selected."
11690ec0214c6c0c757dd24bb08bff04c860c1b5f6c293d1fd3cb486d24d4ed3,/mnt/c/Users/fuent/Downloads/Artifacts from the First Chat,Phase1_Audit_Log_Entry3.md,/mnt/c/Users/fuent/Downloads/Artifacts from the First Chat/Phase1_Audit_Log_Entry3.md,4398,2026-07-29T02:27:51Z,md,governing document,project governance/audit document,UNASSIGNED,,,FIRST_RECORDED_AT_MIGRATION,,2,YES,PROPOSE_IMPORT,,
37b0a4584c33c360f5a2043cbb3be8a8f30ad2b4b91a661659beb421337e720d,/mnt/c/Users/fuent/Downloads/Artifacts from the First Chat,Phase1_Audit_Log_Entry4.md,/mnt/c/Users/fuent/Downloads/Artifacts from the First Chat/Phase1_Audit_Log_Entry4.md,6241,2026-07-29T02:27:51Z,md,governing document,project governance/audit document,UNASSIGNED,,,FIRST_RECORDED_AT_MIGRATION,,2,YES,PROPOSE_IMPORT,,
d16ecefd471812a94056a0cd12ae1cf8b6e939ff5cd76afe03389feb428f3632,/mnt/c/Users/fuent/Downloads/Artifacts from the First Chat,Phase1_Audit_Log_Entry5.md,/mnt/c/Users/fuent/Downloads/Artifacts from the First Chat/Phase1_Audit_Log_Entry5.md,3587,2026-07-29T02:27:51Z,md,governing document,project governance/audit document,UNASSIGNED,,,FIRST_RECORDED_AT_MIGRATION,,1,YES,PROPOSE_IMPORT,,
df329b6f4aebc8966c396c8427aa063b513c90581107e8350b5529025fb0ce10,/mnt/c/Users/fuent/Downloads/Artifacts from the First Chat,Phase1_Audit_Log_Entry6.md,/mnt/c/Users/fuent/Downloads/Artifacts from the First Chat/Phase1_Audit_Log_Entry6.md,3792,2026-07-29T02:27:51Z,md,governing document,project governance/audit document,UNASSIGNED,,,FIRST_RECORDED_AT_MIGRATION,,1,YES,PROPOSE_IMPORT,,
3b20f6d85ae5d0db9ed35d6676b7a77a5423c7116720b8ff9dc874fcf10ef350,/mnt/c/Users/fuent/Downloads/Artifacts from the First Chat,Phase1_Audit_Log_Entry7.md,/mnt/c/Users/fuent/Downloads/Artifacts from the First Chat/Phase1_Audit_Log_Entry7.md,6349,2026-07-29T02:27:51Z,md,governing document,project governance/audit document,UNASSIGNED,,,FIRST_RECORDED_AT_MIGRATION,,2,YES,PROPOSE_IMPORT,,
1cb47a031a519e4872da241409d12a471d4d60f4dbbb9767d978644c2439346f,/mnt/c/Users/fuent/Downloads/Artifacts from the First Chat,Phase1_Audit_Log_Entry8.md,/mnt/c/Users/fuent/Downloads/Artifacts from the First Chat/Phase1_Audit_Log_Entry8.md,8931,2026-07-29T02:27:51Z,md,governing document,project governance/audit document,UNASSIGNED,,,FIRST_RECORDED_AT_MIGRATION,,2,YES,PROPOSE_IMPORT,,
dac0f9f93da285d12695b788fa3405298eed55ce7910efafcb42f3a71f7aa734,/mnt/c/Users/fuent/Downloads/Artifacts from the First Chat,Phase1_Audit_Log_Entry9.md,/mnt/c/Users/fuent/Downloads/Artifacts from the First Chat/Phase1_Audit_Log_Entry9.md,5562,2026-07-29T02:27:51Z,md,duplicate,byte-identical to primary copy at /mnt/c/Users/fuent/Documents/ERCOT_Project_Migration_2026-07-29/Phase1_Audit_Log_Entry9.md,SHARED,Phase1_Audit_Log_Entry9.md,HISTORICAL,PRIOR_HASH_MATCH,Artifact_SHA256_Index_v2.md; Artifact_SHA256_Index_v3.md; Artifact_SHA256_Index_v4.md; Project_Migration_Manifest_v1.csv; project_extracted_observed.sha256,3,NO,DO_NOT_IMPORT_DUPLICATE,,
a96ecfe11c0ee290450a6e308ca13f9befc45edf8a9759737b089262f05e45d4,/mnt/c/Users/fuent/Downloads/Artifacts from the First Chat,Phase1_Data_Readiness_Audit_Plan.md,/mnt/c/Users/fuent/Downloads/Artifacts from the First Chat/Phase1_Data_Readiness_Audit_Plan.md,7697,2026-07-29T02:27:51Z,md,governing document,project governance/audit document,UNASSIGNED,,,FIRST_RECORDED_AT_MIGRATION,,1,YES,PROPOSE_IMPORT,,same-name different-content conflict exists; see report section 12
f75803dc3f7e3ea618688cb71e3f5091ba1a7fb0cba97a741c1ff7d08c0b1f03,/mnt/c/Users/fuent/Downloads/Artifacts from the First Chat,Phase1_to_DRD_Handoff_v1.md,/mnt/c/Users/fuent/Downloads/Artifacts from the First Chat/Phase1_to_DRD_Handoff_v1.md,22907,2026-07-29T02:27:51Z,md,duplicate,byte-identical to primary copy at /mnt/c/Users/fuent/Documents/ERCOT_Project_Migration_2026-07-29/Phase1_to_DRD_Handoff_v1.md,SHARED,Phase1_to_DRD_Handoff_v1.md,CONTROLLING,PRIOR_HASH_MATCH,Artifact_SHA256_Index_v2.md; Artifact_SHA256_Index_v3.md; Artifact_SHA256_Index_v4.md; Artifact_SHA256_Index_v5.md; Project_Migration_Manifest_v1.csv; project_extracted_observed.sha256,3,NO,DO_NOT_IMPORT_DUPLICATE,,
b4535eaed5c1032cef6a1d6383f16442dae15bf91ab2ee5a4a7ba546dd14ccf8,/mnt/c/Users/fuent/Downloads/Artifacts from the First Chat,Thursday_Execution_Briefing.md,/mnt/c/Users/fuent/Downloads/Artifacts from the First Chat/Thursday_Execution_Briefing.md,17876,2026-07-29T02:27:51Z,md,governing document,project governance/audit document,UNASSIGNED,,,PRIOR_HASH_MATCH,DRD_Input_Index_v1.md,2,YES,PROPOSE_IMPORT,,
17011dd6f1b88f79055f0ada133d2cd9bd65938d001ffe43a3c6df1a06422ccb,/mnt/c/Users/fuent/Downloads/Artifacts from the First Chat,audit_timestamp_lib.py,/mnt/c/Users/fuent/Downloads/Artifacts from the First Chat/audit_timestamp_lib.py,8311,2026-07-29T02:27:51Z,py,source code,migration manifest artifact_type: source code,SHARED,audit_timestamp_lib.py,REFERENCED_BUT_NOT_AVAILABLE,PRIOR_HASH_MATCH,DRD_Input_Index_v1.md; mr1a_artifact_hashes.txt; mr1a_artifact_hashes_v2.txt,1,YES,PROPOSE_IMPORT,,
0894be2eedee48e6892857d6703b63c355147377625220b6b61ef3a3fdcdc1c9,/mnt/c/Users/fuent/Downloads/Artifacts from the First Chat,coverage_after_qc.csv,/mnt/c/Users/fuent/Downloads/Artifacts from the First Chat/coverage_after_qc.csv,441,2026-07-29T02:27:52Z,csv,manifest,migration manifest artifact_type: provenance artifact,ARCHIVE,coverage_after_qc.csv,REFERENCED_BUT_NOT_AVAILABLE,FIRST_RECORDED_AT_MIGRATION,,1,YES,PROPOSE_IMPORT,,
301f9253baddaf6f3864accaca66ac09f2098b3db3c1c92fb5ccf6c05c0a9967,/mnt/c/Users/fuent/Downloads/Artifacts from the First Chat,erco_ercot_joined.csv,/mnt/c/Users/fuent/Downloads/Artifacts from the First Chat/erco_ercot_joined.csv,5552162,2026-07-29T02:27:51Z,csv,derived data,pipeline-derived data product,UNASSIGNED,,,FIRST_RECORDED_AT_MIGRATION,,1,YES,PROPOSE_IMPORT,,
e56f6171562e1f52ae64e224371c07e5955443cbb21a3665eae755e8dfed178a,/mnt/c/Users/fuent/Downloads/Artifacts from the First Chat,erco_raw_extract.csv,/mnt/c/Users/fuent/Downloads/Artifacts from the First Chat/erco_raw_extract.csv,13721465,2026-07-29T02:27:51Z,csv,manifest,migration manifest artifact_type: provenance artifact,ARCHIVE,erco_raw_extract.csv,REFERENCED_BUT_NOT_AVAILABLE,FIRST_RECORDED_AT_MIGRATION,,1,YES,PROPOSE_IMPORT,,
6410eb7f1b9922df10f3234f673fa862f68d746675507eeaf0fdbad8e6b12249,/mnt/c/Users/fuent/Downloads/Artifacts from the First Chat,ercot_hourly_load_harmonized.csv.gz,/mnt/c/Users/fuent/Downloads/Artifacts from the First Chat/ercot_hourly_load_harmonized.csv.gz,17379444,2026-07-29T02:27:51Z,gz,derived data,pipeline-derived data product,UNASSIGNED,,,PRIOR_HASH_MATCH,mr1a_artifact_hashes.txt; mr1a_artifact_hashes_v2.txt,2,YES,PROPOSE_IMPORT,,same-name different-content conflict exists; see report section 12
6410eb7f1b9922df10f3234f673fa862f68d746675507eeaf0fdbad8e6b12249,/mnt/c/Users/fuent/Downloads/Artifacts from the First Chat,ercot_hourly_load_harmonized_v2.csv.gz,/mnt/c/Users/fuent/Downloads/Artifacts from the First Chat/ercot_hourly_load_harmonized_v2.csv.gz,17379444,2026-07-29T02:27:51Z,gz,duplicate,byte-identical to primary copy at /mnt/c/Users/fuent/Downloads/Artifacts from the First Chat/ercot_hourly_load_harmonized.csv.gz,ARCHIVE,ercot_hourly_load_harmonized_v2.csv.gz,HISTORICAL (gzip form),PRIOR_HASH_MATCH,DRD_Input_Index_v1.md,2,NO,DO_NOT_IMPORT_DUPLICATE,,
953c5f8d55a4bc780b0f32b90f1c6217790ca7ebbf1411a91b576146413256aa,/mnt/c/Users/fuent/Downloads/Artifacts from the First Chat,ercot_load_adapter.py,/mnt/c/Users/fuent/Downloads/Artifacts from the First Chat/ercot_load_adapter.py,11887,2026-07-29T02:27:51Z,py,source code,python source,UNASSIGNED,,,PRIOR_HASH_MATCH,mr1a_artifact_hashes.txt; mr1a_artifact_hashes_v2.txt,2,YES,PROPOSE_IMPORT,,
953c5f8d55a4bc780b0f32b90f1c6217790ca7ebbf1411a91b576146413256aa,/mnt/c/Users/fuent/Downloads/Artifacts from the First Chat,ercot_load_adapter_v2.py,/mnt/c/Users/fuent/Downloads/Artifacts from the First Chat/ercot_load_adapter_v2.py,11887,2026-07-29T02:27:51Z,py,duplicate,byte-identical to primary copy at /mnt/c/Users/fuent/Downloads/Artifacts from the First Chat/ercot_load_adapter.py,SHARED,ercot_load_adapter_v2.py,REFERENCED_BUT_NOT_AVAILABLE,PRIOR_HASH_MATCH,DRD_Input_Index_v1.md,2,NO,DO_NOT_IMPORT_DUPLICATE,,
3c00b206c37846b2b09d58778bf8801cac606e0836112349a60dd297aa82a9e3,/mnt/c/Users/fuent/Downloads/Artifacts from the First Chat,event_inventory_S_QC1.csv,/mnt/c/Users/fuent/Downloads/Artifacts from the First Chat/event_inventory_S_QC1.csv,2270,2026-07-29T02:27:52Z,csv,control artifact,migration manifest artifact_type: sensitivity inventory,ARCHIVE,event_inventory_S_QC1.csv,REFERENCED_BUT_NOT_AVAILABLE,FIRST_RECORDED_AT_MIGRATION,,1,YES,PROPOSE_IMPORT,IB-1 authoritative event inventory not uniquely ratified; IB-3 timezone/issuance conventions unresolved,
c5e52f67359e7fcb17bcb308111a6889b289b42d316b270e7621a3f90126644a,/mnt/c/Users/fuent/Downloads/Artifacts from the First Chat,event_inventory_S_QC2.csv,/mnt/c/Users/fuent/Downloads/Artifacts from the First Chat/event_inventory_S_QC2.csv,2271,2026-07-29T02:27:52Z,csv,control artifact,migration manifest artifact_type: sensitivity inventory,ARCHIVE,event_inventory_S_QC2.csv,REFERENCED_BUT_NOT_AVAILABLE,FIRST_RECORDED_AT_MIGRATION,,1,YES,PROPOSE_IMPORT,IB-1 authoritative event inventory not uniquely ratified; IB-3 timezone/issuance conventions unresolved,
f119ba35f2c4fc1c931c21c03a82f7fd198384fc32fac2f665071fc0883dfe5a,/mnt/c/Users/fuent/Downloads/Artifacts from the First Chat,event_inventory_headline.csv,/mnt/c/Users/fuent/Downloads/Artifacts from the First Chat/event_inventory_headline.csv,2269,2026-07-29T02:27:52Z,csv,duplicate,byte-identical to primary copy at /mnt/c/Users/fuent/Documents/ERCOT_Project_Migration_2026-07-29/event_inventory_headline.csv,SHARED,event_inventory_headline.csv,CONTROLLING,PRIOR_HASH_MATCH,Artifact_SHA256_Index_v2.md; Artifact_SHA256_Index_v3.md; Project_Migration_Manifest_v1.csv; project_extracted_observed.sha256,3,NO,DO_NOT_IMPORT_DUPLICATE,IB-1 authoritative event inventory not uniquely ratified; IB-3 timezone/issuance conventions unresolved,
b84d0bf12e6fafca281ca6c550946fa7fe627e6a09c71abf55aa74262b400331,/mnt/c/Users/fuent/Downloads/Artifacts from the First Chat,gate_arithmetic.csv,/mnt/c/Users/fuent/Downloads/Artifacts from the First Chat/gate_arithmetic.csv,152,2026-07-29T02:27:51Z,csv,duplicate,byte-identical to primary copy at /mnt/c/Users/fuent/Documents/ERCOT_Project_Migration_2026-07-29/gate_arithmetic.csv,SHARED,gate_arithmetic.csv,CONTROLLING,PRIOR_HASH_MATCH,Artifact_SHA256_Index_v2.md; Artifact_SHA256_Index_v3.md; Project_Migration_Manifest_v1.csv; project_extracted_observed.sha256,2,NO,DO_NOT_IMPORT_DUPLICATE,,
7580eec36f2b8de32185fd3e592b35d4b236b3b0dc0119fa4b8c3fbce8422715,/mnt/c/Users/fuent/Downloads/Artifacts from the First Chat,ghcnh_hourly_station.parquet,/mnt/c/Users/fuent/Downloads/Artifacts from the First Chat/ghcnh_hourly_station.parquet,21599192,2026-07-29T02:27:51Z,parquet,derived data,pipeline-derived data product,UNASSIGNED,,,FIRST_RECORDED_AT_MIGRATION,,1,YES,PROPOSE_IMPORT,,
3b5bb5c3bda25450f76626911e20ebb067e2885cdd3cbe960a578a522f12e139,/mnt/c/Users/fuent/Downloads/Artifacts from the First Chat,ghcnh_hourly_station_qcfiltered.parquet,/mnt/c/Users/fuent/Downloads/Artifacts from the First Chat/ghcnh_hourly_station_qcfiltered.parquet,21586915,2026-07-29T02:27:52Z,parquet,duplicate,byte-identical to primary copy at /mnt/c/Users/fuent/Documents/ERCOT_Project_Migration_2026-07-29/ghcnh_hourly_station_qcfiltered.parquet,SHARED,ghcnh_hourly_station_qcfiltered.parquet,CONTROLLING,PRIOR_HASH_MATCH,Artifact_SHA256_Index_v2.md; Artifact_SHA256_Index_v3.md; Project_Migration_Manifest_v1.csv; project_extracted_observed.sha256,3,NO,DO_NOT_IMPORT_DUPLICATE,,
0dda124228f5e4659be5d40dc54c5e6ab2a3d533dd64c31a6899fb81294399a0,/mnt/c/Users/fuent/Downloads/Artifacts from the First Chat,ghcnh_qc_distribution.csv,/mnt/c/Users/fuent/Downloads/Artifacts from the First Chat/ghcnh_qc_distribution.csv,70,2026-07-29T02:27:52Z,csv,derived data,pipeline-derived data product,UNASSIGNED,,,FIRST_RECORDED_AT_MIGRATION,,1,YES,PROPOSE_IMPORT,,
f56ab0c858bb8c7e980554d77b5602f9c661ebda0b640bba5217b26f0de095be,/mnt/c/Users/fuent/Downloads/Artifacts from the First Chat,ghcnh_stage0.py,/mnt/c/Users/fuent/Downloads/Artifacts from the First Chat/ghcnh_stage0.py,9499,2026-07-29T02:27:51Z,py,source code,migration manifest artifact_type: source code,SHARED,ghcnh_stage0.py,REFERENCED_BUT_NOT_AVAILABLE,PRIOR_HASH_MATCH,DRD_Input_Index_v1.md,2,YES,PROPOSE_IMPORT,,
a886d4ecfd993b4799135486100e68f087fb501724cf38105e2f2f2f6a7c52de,/mnt/c/Users/fuent/Downloads/Artifacts from the First Chat,ghcnh_station_coverage.csv,/mnt/c/Users/fuent/Downloads/Artifacts from the First Chat/ghcnh_station_coverage.csv,915,2026-07-29T02:27:52Z,csv,derived data,pipeline-derived data product,UNASSIGNED,,,FIRST_RECORDED_AT_MIGRATION,,1,YES,PROPOSE_IMPORT,,
665735227a3377ea1704bfdfc551ddedf6dead3f58b366ac4e606f14d4f24250,/mnt/c/Users/fuent/Downloads/Artifacts from the First Chat,ingest_stage0_inventory.py,/mnt/c/Users/fuent/Downloads/Artifacts from the First Chat/ingest_stage0_inventory.py,6701,2026-07-29T02:27:51Z,py,source code,python source,UNASSIGNED,,,FIRST_RECORDED_AT_MIGRATION,,1,YES,PROPOSE_IMPORT,,
249a8108ca2d18a0116ebad2a32af8fa2fa3f9c2174d31e56ced4e588dd2ecf2,/mnt/c/Users/fuent/Downloads/Artifacts from the First Chat,ledger.json,/mnt/c/Users/fuent/Downloads/Artifacts from the First Chat/ledger.json,53494,2026-07-29T02:27:51Z,json,manifest,hash index / retrieval manifest / provenance ledger,UNASSIGNED,,,FIRST_RECORDED_AT_MIGRATION,,1,YES,PROPOSE_IMPORT,,F-11: contains all 23 mr1b_pi_hashes.csv digests plus 6 MR1b batch-zip digests; candidate correspondence to manifest row 'mr1b_ledger.json'. NOT adjudicated.
18bce7c8955df171be1976d64e824b9e68fb4a597e24fb788bd2fdc4ba3b3bdf,/mnt/c/Users/fuent/Downloads/Artifacts from the First Chat,mr1a_artifact_hashes.txt,/mnt/c/Users/fuent/Downloads/Artifacts from the First Chat/mr1a_artifact_hashes.txt,1357,2026-07-29T02:27:51Z,txt,manifest,hash index / retrieval manifest / provenance ledger,UNASSIGNED,,,FIRST_RECORDED_AT_MIGRATION,,1,YES,PROPOSE_IMPORT,,
a912c39787f462a94587cdfb9649c45364eedf411289a95219c0ac294905b25e,/mnt/c/Users/fuent/Downloads/Artifacts from the First Chat,mr1a_artifact_hashes_v2.txt,/mnt/c/Users/fuent/Downloads/Artifacts from the First Chat/mr1a_artifact_hashes_v2.txt,2522,2026-07-29T02:27:51Z,txt,manifest,migration manifest artifact_type: provenance artifact,ARCHIVE,mr1a_artifact_hashes_v2.txt,REFERENCED_BUT_NOT_AVAILABLE,PRIOR_HASH_MATCH,DRD_Input_Index_v1.md,1,YES,PROPOSE_IMPORT,,
c263df35b3e552b20ae8bdecf6b3f808c662e289c6b65372e93cc95dbdbb0404,/mnt/c/Users/fuent/Downloads/Artifacts from the First Chat,mr1a_inventory.csv,/mnt/c/Users/fuent/Downloads/Artifacts from the First Chat/mr1a_inventory.csv,5169,2026-07-29T02:27:51Z,csv,manifest,migration manifest artifact_type: provenance artifact,ARCHIVE,mr1a_inventory.csv,REFERENCED_BUT_NOT_AVAILABLE,PRIOR_HASH_MATCH,DRD_Input_Index_v1.md; mr1a_artifact_hashes.txt; mr1a_artifact_hashes_v2.txt,1,YES,PROPOSE_IMPORT,,
0a4eeeb9a8fff087e2f3d5e0ad48073ab0d3215edbb58d3547d2b1e80514fa90,/mnt/c/Users/fuent/Downloads/Artifacts from the First Chat,mr1a_year_audit.csv,/mnt/c/Users/fuent/Downloads/Artifacts from the First Chat/mr1a_year_audit.csv,2385,2026-07-29T02:27:51Z,csv,manifest,migration manifest artifact_type: provenance artifact,ARCHIVE,mr1a_year_audit.csv,REFERENCED_BUT_NOT_AVAILABLE,PRIOR_HASH_MATCH,DRD_Input_Index_v1.md; mr1a_artifact_hashes.txt; mr1a_artifact_hashes_v2.txt,1,YES,PROPOSE_IMPORT,,
35bd3852a3987d1a4574ab2c586cd497a9c1364b8e163b872a71e670eb7bf2da,/mnt/c/Users/fuent/Downloads/Artifacts from the First Chat,mr1b_batch_inspect.py,/mnt/c/Users/fuent/Downloads/Artifacts from the First Chat/mr1b_batch_inspect.py,6816,2026-07-29T02:27:51Z,py,source code,python source,UNASSIGNED,,,FIRST_RECORDED_AT_MIGRATION,,1,YES,PROPOSE_IMPORT,,
b5c7a64196ca3eb954bf6867fae0dd1d8d1587e9da6e98077ba8ef232bdc059c,/mnt/c/Users/fuent/Downloads/Artifacts from the First Chat,mr1b_erco_audit.py,/mnt/c/Users/fuent/Downloads/Artifacts from the First Chat/mr1b_erco_audit.py,6918,2026-07-29T02:27:51Z,py,source code,python source,UNASSIGNED,,,FIRST_RECORDED_AT_MIGRATION,,1,YES,PROPOSE_IMPORT,,
d36c426d81d823f4fc840068ee5322172a383bc82798663c5aad39cacfc7c4f2,/mnt/c/Users/fuent/Downloads/Artifacts from the First Chat,mr1b_erco_extract.py,/mnt/c/Users/fuent/Downloads/Artifacts from the First Chat/mr1b_erco_extract.py,2994,2026-07-29T02:27:51Z,py,source code,python source,UNASSIGNED,,,FIRST_RECORDED_AT_MIGRATION,,1,YES,PROPOSE_IMPORT,,
3b0de7c9b38b913aa4205fdc91bb01619707f847b6007ae6c7a1fc60daa127ce,/mnt/c/Users/fuent/Downloads/Artifacts from the First Chat,mr1b_pi_hashes.csv,/mnt/c/Users/fuent/Downloads/Artifacts from the First Chat/mr1b_pi_hashes.csv,3477,2026-07-29T02:27:51Z,csv,duplicate,byte-identical to primary copy at /mnt/c/Users/fuent/OneDrive/Documents/MR1b/hashes.csv,ARCHIVE,mr1b_pi_hashes.csv,REFERENCED_BUT_NOT_AVAILABLE,FIRST_RECORDED_AT_MIGRATION,,2,NO,DO_NOT_IMPORT_DUPLICATE,,
486094ca5a00ec962cb4710f2da4603783950c822032d435d1e726f91839f789,/mnt/c/Users/fuent/Downloads/Artifacts from the First Chat,mr1b_pi_manifest.txt,/mnt/c/Users/fuent/Downloads/Artifacts from the First Chat/mr1b_pi_manifest.txt,741,2026-07-29T02:27:51Z,txt,duplicate,byte-identical to primary copy at /mnt/c/Users/fuent/OneDrive/Documents/MR1b/manifest.txt,UNASSIGNED,,,FIRST_RECORDED_AT_MIGRATION,,2,NO,DO_NOT_IMPORT_DUPLICATE,,
54f4017dad21decb1ed7904413fc0c0719b731d7ce03493817a16ef790ed1bf6,/mnt/c/Users/fuent/Downloads/Artifacts from the First Chat,mr1c_event_pipeline.py,/mnt/c/Users/fuent/Downloads/Artifacts from the First Chat/mr1c_event_pipeline.py,7661,2026-07-29T02:27:51Z,py,source code,migration manifest artifact_type: source code,SHARED,mr1c_event_pipeline.py,REFERENCED_BUT_NOT_AVAILABLE,FIRST_RECORDED_AT_MIGRATION,,1,YES,PROPOSE_IMPORT,,
3c8356f9e002995dd29c959c28ef789e9a0d3dc7e82c2f83ea49a61059bf1468,/mnt/c/Users/fuent/Downloads/Artifacts from the First Chat,noise_floor_simulation.py,/mnt/c/Users/fuent/Downloads/Artifacts from the First Chat/noise_floor_simulation.py,7069,2026-07-29T02:27:51Z,py,duplicate,byte-identical to primary copy at /mnt/c/Users/fuent/Documents/ERCOT_Project_Migration_2026-07-29/noise_floor_simulation.py,SHARED,noise_floor_simulation.py,PROVISIONAL (synthetic pre-study),PRIOR_HASH_MATCH,Artifact_SHA256_Index_v2.md; Artifact_SHA256_Index_v3.md; DRD_Input_Index_v1.md; Project_Migration_Manifest_v1.csv; project_extracted_observed.sha256,2,NO,DO_NOT_IMPORT_DUPLICATE,,
5520392bb0972c50288dc3b724713acfa815bb5ff75f0812035c969b97b25c89,/mnt/c/Users/fuent/Downloads/Artifacts from the First Chat,operational_benchmark_erco.csv,/mnt/c/Users/fuent/Downloads/Artifacts from the First Chat/operational_benchmark_erco.csv,5552162,2026-07-29T02:27:51Z,csv,duplicate,byte-identical to primary copy at /mnt/c/Users/fuent/Documents/ERCOT_Project_Migration_2026-07-29/operational_benchmark_erco.csv,SHARED,operational_benchmark_erco.csv,CONTROLLING,PRIOR_HASH_MATCH,Artifact_SHA256_Index_v2.md; Artifact_SHA256_Index_v3.md; Project_Migration_Manifest_v1.csv; project_extracted_observed.sha256,2,NO,DO_NOT_IMPORT_DUPLICATE,,
67fa8da723d3efb0c9d3b900f3ca67f453d9830114a0f19017769773eefe2ed6,/mnt/c/Users/fuent/Downloads/Artifacts from the First Chat,qc_excluded_by_code_station_year.csv,/mnt/c/Users/fuent/Downloads/Artifacts from the First Chat/qc_excluded_by_code_station_year.csv,5414,2026-07-29T02:27:52Z,csv,manifest,migration manifest artifact_type: provenance artifact,ARCHIVE,qc_excluded_by_code_station_year.csv,REFERENCED_BUT_NOT_AVAILABLE,FIRST_RECORDED_AT_MIGRATION,,1,YES,PROPOSE_IMPORT,,
2c88358be5390a3a9028c83a789c04d3135082b9ffd4236c8f66e2007cf8f788,/mnt/c/Users/fuent/Downloads/Artifacts from the First Chat,regional_index.parquet,/mnt/c/Users/fuent/Downloads/Artifacts from the First Chat/regional_index.parquet,7019745,2026-07-29T02:27:52Z,parquet,duplicate,byte-identical to primary copy at /mnt/c/Users/fuent/Documents/ERCOT_Project_Migration_2026-07-29/regional_index.parquet,SHARED,regional_index.parquet,CONTROLLING,PRIOR_HASH_MATCH,Artifact_SHA256_Index_v2.md; Artifact_SHA256_Index_v3.md; Project_Migration_Manifest_v1.csv; project_extracted_observed.sha256,2,NO,DO_NOT_IMPORT_DUPLICATE,,
dee723a72260b88fb7ca6618da04f4f6146e7c8715c3e9755a0e29a61e60b241,/mnt/c/Users/fuent/Downloads/Artifacts from the First Chat,zone_weights.json,/mnt/c/Users/fuent/Downloads/Artifacts from the First Chat/zone_weights.json,260,2026-07-29T02:27:51Z,json,duplicate,byte-identical to primary copy at /mnt/c/Users/fuent/Documents/ERCOT_Project_Migration_2026-07-29/zone_weights.json,SHARED,zone_weights.json,AWAITING RATIFICATION,PRIOR_HASH_MATCH,Artifact_SHA256_Index_v2.md; Artifact_SHA256_Index_v3.md; Project_Migration_Manifest_v1.csv; project_extracted_observed.sha256,2,NO,DO_NOT_IMPORT_DUPLICATE,IB-4 AWAITING RATIFICATION (W1 weighting vector),
38144e26fd5abc65792fafb3ee78b2e7c2b7c5f591814fbe2ab86e9a8427658d,/mnt/c/Users/fuent/Downloads/7-28-26 8_38pm archive,DRD_Invariant_Implementation_Checklist.md,/mnt/c/Users/fuent/Downloads/7-28-26 8_38pm archive/DRD_Invariant_Implementation_Checklist.md,9618,2026-07-28T18:08:02Z,md,duplicate,byte-identical to primary copy at /mnt/c/Users/fuent/Downloads/Artifacts from the First Chat/DRD_Invariant_Implementation_Checklist.md,UNASSIGNED,,,PRIOR_HASH_MATCH,DRD_Input_Index_v1.md,2,NO,DO_NOT_IMPORT_DUPLICATE,,
39f8cd2961adb99f985a548641a8822918a1d3538a9068d0c7bde4eda48ff826,/mnt/c/Users/fuent/Downloads/7-28-26 8_38pm archive,ERCOT_Load_Quality_Report_v1.md,/mnt/c/Users/fuent/Downloads/7-28-26 8_38pm archive/ERCOT_Load_Quality_Report_v1.md,7089,2026-07-28T09:31:08Z,md,duplicate,byte-identical to primary copy at /mnt/c/Users/fuent/Documents/ERCOT_Project_Migration_2026-07-29/ERCOT_Load_Quality_Report_v1.md,SHARED,ERCOT_Load_Quality_Report_v1.md,ACTIVE,PRIOR_HASH_MATCH,Artifact_SHA256_Index_v2.md; Artifact_SHA256_Index_v3.md; DRD_Input_Index_v1.md; Project_Migration_Manifest_v1.csv; project_extracted_observed.sha256; mr1a_artifact_hashes.txt; mr1a_artifact_hashes_v2.txt,3,NO,DO_NOT_IMPORT_DUPLICATE,,
e84af2b92518bb4f14942e288744b70f050abab77ca0a0b5fba3e54b3e8197b4,/mnt/c/Users/fuent/Downloads/7-28-26 8_38pm archive,Fuentes Jonathan SULI Bios and Project Description.docx,/mnt/c/Users/fuent/Downloads/7-28-26 8_38pm archive/Fuentes Jonathan SULI Bios and Project Description.docx,192877,2026-07-28T04:23:22Z,docx,unknown,no corroborating manifest row or naming rule (docx),UNASSIGNED,,,FIRST_RECORDED_AT_MIGRATION,,1,YES,HOLD_UNRESOLVED,IB-5 purpose unresolved,
9590660a0fb818b9b06fc29227f40ec9f66eccdaaaf53946eb81b5e744939dab,/mnt/c/Users/fuent/Downloads/7-28-26 8_38pm archive,"Fuentes, Jonathan_SULI_Final Presentation.pptx","/mnt/c/Users/fuent/Downloads/7-28-26 8_38pm archive/Fuentes, Jonathan_SULI_Final Presentation.pptx",638808,2026-07-28T06:09:03Z,pptx,unknown,no corroborating manifest row or naming rule (pptx),UNASSIGNED,,,FIRST_RECORDED_AT_MIGRATION,,1,YES,HOLD_UNRESOLVED,IB-5 purpose unresolved,
ccab1e08bc6fcf5a0e1d9a15cd00e12c04bbe0416b9a81ee92ab4b713414e918,/mnt/c/Users/fuent/Downloads/7-28-26 8_38pm archive,MR1a_Download_Checklist.md,/mnt/c/Users/fuent/Downloads/7-28-26 8_38pm archive/MR1a_Download_Checklist.md,2803,2026-07-28T08:09:42Z,md,duplicate,byte-identical to primary copy at /mnt/c/Users/fuent/Downloads/Artifacts from the First Chat/MR1a_Download_Checklist.md,UNASSIGNED,,,FIRST_RECORDED_AT_MIGRATION,,2,NO,DO_NOT_IMPORT_DUPLICATE,,
187e702bd7e0715a2389654cf1a32a2b576dcda5e4332ec9952e6e4ed0b9c938,/mnt/c/Users/fuent/Downloads/7-28-26 8_38pm archive,MR1a_Step_by_Step_Instructions.md,/mnt/c/Users/fuent/Downloads/7-28-26 8_38pm archive/MR1a_Step_by_Step_Instructions.md,7630,2026-07-28T08:20:07Z,md,duplicate,byte-identical to primary copy at /mnt/c/Users/fuent/Downloads/Artifacts from the First Chat/MR1a_Step_by_Step_Instructions.md,UNASSIGNED,,,FIRST_RECORDED_AT_MIGRATION,,2,NO,DO_NOT_IMPORT_DUPLICATE,,
137de32e8bbe426ef5531d5f5b1666a1267cd8da2fbb36dc138bbe0a621c2b6a,/mnt/c/Users/fuent/Downloads/7-28-26 8_38pm archive,MR1b_Findings_Table.md,/mnt/c/Users/fuent/Downloads/7-28-26 8_38pm archive/MR1b_Findings_Table.md,6468,2026-07-28T19:20:29Z,md,duplicate,byte-identical to primary copy at /mnt/c/Users/fuent/Documents/ERCOT_Project_Migration_2026-07-29/MR1b_Findings_Table.md,SHARED,MR1b_Findings_Table.md,ACTIVE,PRIOR_HASH_MATCH,Artifact_SHA256_Index_v2.md; Artifact_SHA256_Index_v3.md; DRD_Input_Index_v1.md; Project_Migration_Manifest_v1.csv; project_extracted_observed.sha256,3,NO,DO_NOT_IMPORT_DUPLICATE,,
ab5ba4ae8e59036cbc74689022a660f247518dace25de6401b95515ba0917a2f,/mnt/c/Users/fuent/Downloads/7-28-26 8_38pm archive,MR1c_Acquisition_Package.md,/mnt/c/Users/fuent/Downloads/7-28-26 8_38pm archive/MR1c_Acquisition_Package.md,9382,2026-07-28T19:20:25Z,md,duplicate,byte-identical to primary copy at /mnt/c/Users/fuent/Downloads/Artifacts from the First Chat/MR1c_Acquisition_Package.md,UNASSIGNED,,,PRIOR_HASH_MATCH,DRD_Input_Index_v1.md,2,NO,DO_NOT_IMPORT_DUPLICATE,,
0780c4da8d43b7dfd1680f6d273d7796d2de4d1339f16cf27b374e2a98cfe67a,/mnt/c/Users/fuent/Downloads/7-28-26 8_38pm archive,Milestone1_Decision_Record_DR1.md,/mnt/c/Users/fuent/Downloads/7-28-26 8_38pm archive/Milestone1_Decision_Record_DR1.md,11927,2026-07-28T07:32:45Z,md,duplicate,byte-identical to primary copy at /mnt/c/Users/fuent/Documents/ERCOT_Project_Migration_2026-07-29/Milestone1_Decision_Record_DR1.md,SHARED,Milestone1_Decision_Record_DR1.md,CONTROLLING,PRIOR_HASH_MATCH,Artifact_SHA256_Index_v2.md; Artifact_SHA256_Index_v3.md; DRD_Input_Index_v1.md; Project_Migration_Manifest_v1.csv; project_extracted_observed.sha256,2,NO,DO_NOT_IMPORT_DUPLICATE,,
7c8c5c727c4b2591c7bf5f166d2955bb5c560c72a7642d428d0ce608eec7628c,/mnt/c/Users/fuent/Downloads/7-28-26 8_38pm archive,NETL_SULI_Research_Directions_Evaluation.md,/mnt/c/Users/fuent/Downloads/7-28-26 8_38pm archive/NETL_SULI_Research_Directions_Evaluation.md,33962,2026-07-28T06:38:48Z,md,duplicate,byte-identical to primary copy at /mnt/c/Users/fuent/Downloads/Artifacts from the First Chat/NETL_SULI_Research_Directions_Evaluation.md,UNASSIGNED,,,FIRST_RECORDED_AT_MIGRATION,,3,NO,DO_NOT_IMPORT_DUPLICATE,,
7c8c5c727c4b2591c7bf5f166d2955bb5c560c72a7642d428d0ce608eec7628c,/mnt/c/Users/fuent/Downloads/7-28-26 8_38pm archive,NETL_SULI_Research_Directions_Evaluation_1.md,/mnt/c/Users/fuent/Downloads/7-28-26 8_38pm archive/NETL_SULI_Research_Directions_Evaluation_1.md,33962,2026-07-28T06:39:13Z,md,duplicate,byte-identical to primary copy at /mnt/c/Users/fuent/Downloads/Artifacts from the First Chat/NETL_SULI_Research_Directions_Evaluation.md,UNASSIGNED,,,FIRST_RECORDED_AT_MIGRATION,,3,NO,DO_NOT_IMPORT_DUPLICATE,,
218afa1242dae7729c11b8e45eecfb2f78709509fa25e3e48187d164a884bc9c,/mnt/c/Users/fuent/Downloads/7-28-26 8_38pm archive,NETL_SULI_Research_Proposal_Regime_Aware_Forecasting.md,/mnt/c/Users/fuent/Downloads/7-28-26 8_38pm archive/NETL_SULI_Research_Proposal_Regime_Aware_Forecasting.md,10652,2026-07-28T07:04:23Z,md,governing document,project governance/audit document,UNASSIGNED,,,FIRST_RECORDED_AT_MIGRATION,,1,YES,PROPOSE_IMPORT,,same-name different-content conflict exists; see report section 12
de72ce14074fb76e2d87ed6e216b3864e11128b663fa80dba9ed8cd92888785d,/mnt/c/Users/fuent/Downloads/7-28-26 8_38pm archive,NETL_SULI_Research_Proposal_Regime_Aware_Forecasting_1.md,/mnt/c/Users/fuent/Downloads/7-28-26 8_38pm archive/NETL_SULI_Research_Proposal_Regime_Aware_Forecasting_1.md,10650,2026-07-28T09:56:48Z,md,duplicate,byte-identical to primary copy at /mnt/c/Users/fuent/Downloads/Artifacts from the First Chat/NETL_SULI_Research_Proposal_Regime_Aware_Forecasting.md,UNASSIGNED,,,FIRST_RECORDED_AT_MIGRATION,,2,NO,DO_NOT_IMPORT_DUPLICATE,,
e512955035f56983ba2c3ac103b129d2983596e78e08fb9265af3e49e4557b01,/mnt/c/Users/fuent/Downloads/7-28-26 8_38pm archive,Phase1_Audit_Log_Entry2.md,/mnt/c/Users/fuent/Downloads/7-28-26 8_38pm archive/Phase1_Audit_Log_Entry2.md,8507,2026-07-28T08:02:02Z,md,governing document,project governance/audit document,UNASSIGNED,,,FIRST_RECORDED_AT_MIGRATION,,1,YES,PROPOSE_IMPORT,,"F-05: two Entry 2 variants exist (e5129550 here, a5f314cd in 'Artifacts from the First Chat'). Neither has a prior digest. Authoritative copy NOT selected."
11690ec0214c6c0c757dd24bb08bff04c860c1b5f6c293d1fd3cb486d24d4ed3,/mnt/c/Users/fuent/Downloads/7-28-26 8_38pm archive,Phase1_Audit_Log_Entry3.md,/mnt/c/Users/fuent/Downloads/7-28-26 8_38pm archive/Phase1_Audit_Log_Entry3.md,4398,2026-07-28T09:31:12Z,md,duplicate,byte-identical to primary copy at /mnt/c/Users/fuent/Downloads/Artifacts from the First Chat/Phase1_Audit_Log_Entry3.md,UNASSIGNED,,,FIRST_RECORDED_AT_MIGRATION,,2,NO,DO_NOT_IMPORT_DUPLICATE,,
37b0a4584c33c360f5a2043cbb3be8a8f30ad2b4b91a661659beb421337e720d,/mnt/c/Users/fuent/Downloads/7-28-26 8_38pm archive,Phase1_Audit_Log_Entry4.md,/mnt/c/Users/fuent/Downloads/7-28-26 8_38pm archive/Phase1_Audit_Log_Entry4.md,6241,2026-07-28T09:51:22Z,md,duplicate,byte-identical to primary copy at /mnt/c/Users/fuent/Downloads/Artifacts from the First Chat/Phase1_Audit_Log_Entry4.md,UNASSIGNED,,,FIRST_RECORDED_AT_MIGRATION,,2,NO,DO_NOT_IMPORT_DUPLICATE,,
3b20f6d85ae5d0db9ed35d6676b7a77a5423c7116720b8ff9dc874fcf10ef350,/mnt/c/Users/fuent/Downloads/7-28-26 8_38pm archive,Phase1_Audit_Log_Entry7.md,/mnt/c/Users/fuent/Downloads/7-28-26 8_38pm archive/Phase1_Audit_Log_Entry7.md,6349,2026-07-28T19:20:33Z,md,duplicate,byte-identical to primary copy at /mnt/c/Users/fuent/Downloads/Artifacts from the First Chat/Phase1_Audit_Log_Entry7.md,UNASSIGNED,,,FIRST_RECORDED_AT_MIGRATION,,2,NO,DO_NOT_IMPORT_DUPLICATE,,
3d5d709b3496fdd72b2a23e9cdbded060992c278d772143bd5951b0c8c71a9af,/mnt/c/Users/fuent/Downloads/7-28-26 8_38pm archive,Phase1_Data_Readiness_Audit_Plan.md,/mnt/c/Users/fuent/Downloads/7-28-26 8_38pm archive/Phase1_Data_Readiness_Audit_Plan.md,7625,2026-07-28T07:33:52Z,md,governing document,project governance/audit document,UNASSIGNED,,,FIRST_RECORDED_AT_MIGRATION,,1,YES,PROPOSE_IMPORT,,same-name different-content conflict exists; see report section 12
b4535eaed5c1032cef6a1d6383f16442dae15bf91ab2ee5a4a7ba546dd14ccf8,/mnt/c/Users/fuent/Downloads/7-28-26 8_38pm archive,Thursday_Execution_Briefing.md,/mnt/c/Users/fuent/Downloads/7-28-26 8_38pm archive/Thursday_Execution_Briefing.md,17876,2026-07-28T18:22:55Z,md,duplicate,byte-identical to primary copy at /mnt/c/Users/fuent/Downloads/Artifacts from the First Chat/Thursday_Execution_Briefing.md,UNASSIGNED,,,PRIOR_HASH_MATCH,DRD_Input_Index_v1.md,2,NO,DO_NOT_IMPORT_DUPLICATE,,
9f1817f78d1bb56ad3c5ea08b95b83e235616bd90ff85809182841f36f09bb35,/mnt/c/Users/fuent/Downloads/7-28-26 8_38pm archive,ercot_hourly_load_harmonized.csv,/mnt/c/Users/fuent/Downloads/7-28-26 8_38pm archive/ercot_hourly_load_harmonized.csv,53406105,2026-07-28T09:25:41Z,csv,derived data,migration manifest artifact_type: runtime data,SHARED,ercot_hourly_load_harmonized.csv,CONTROLLING,PRIOR_HASH_MISMATCH,Artifact_SHA256_Index_v2.md; Artifact_SHA256_Index_v3.md; Project_Migration_Manifest_v1.csv; project_extracted_observed.sha256; mr1a_artifact_hashes.txt; mr1a_artifact_hashes_v2.txt,1,YES,HOLD_UNRESOLVED,IB-2 PRIOR_HASH_MISMATCH,F-06: content 9f1817f7 is the documented pre-CC-8 stale attachment named in mr1a_artifact_hashes_v2.txt; controlling content is 272af17c.
e4d300b36fdbd56a8e86e660b9770ad5888e348e62a2ae136ddb5ad7ff55579e,/mnt/c/Users/fuent/Downloads/7-28-26 8_38pm archive,ercot_hourly_load_harmonized.csv.gz,/mnt/c/Users/fuent/Downloads/7-28-26 8_38pm archive/ercot_hourly_load_harmonized.csv.gz,17322514,2026-07-28T09:31:16Z,gz,derived data,pipeline-derived data product,UNASSIGNED,,,PRIOR_HASH_MISMATCH,mr1a_artifact_hashes.txt; mr1a_artifact_hashes_v2.txt,1,YES,HOLD_UNRESOLVED,IB-2 PRIOR_HASH_MISMATCH,F-07: content e4d300b3 differs from the declared gzip digest 6410eb7f and is NOT explained anywhere in the record. Unresolved.
f48e6e27808d4fadf83080a82b965127a31cc684848329816c91a6178e8bd180,/mnt/c/Users/fuent/Downloads/7-28-26 8_38pm archive,files.zip (3).zip,/mnt/c/Users/fuent/Downloads/7-28-26 8_38pm archive/files.zip (3).zip,17391605,2026-07-28T09:48:01Z,zip,unknown,"undocumented archive; not extracted, membership not enumerated",UNASSIGNED,,,FIRST_RECORDED_AT_MIGRATION,,1,YES,HOLD_UNRESOLVED,IB-5 purpose unresolved,
f56ab0c858bb8c7e980554d77b5602f9c661ebda0b640bba5217b26f0de095be,/mnt/c/Users/fuent/Downloads/7-28-26 8_38pm archive,ghcnh_stage0.py,/mnt/c/Users/fuent/Downloads/7-28-26 8_38pm archive/ghcnh_stage0.py,9499,2026-07-29T00:37:53Z,py,duplicate,byte-identical to primary copy at /mnt/c/Users/fuent/Downloads/Artifacts from the First Chat/ghcnh_stage0.py,SHARED,ghcnh_stage0.py,REFERENCED_BUT_NOT_AVAILABLE,PRIOR_HASH_MATCH,DRD_Input_Index_v1.md,2,NO,DO_NOT_IMPORT_DUPLICATE,,
ef00e6e81fa0b9f627f64345c9697681aa8dbcb5df067d6a23d23676e3c8c7b9,/mnt/c/Users/fuent/Downloads/2nd Chat First File Dump,Artifact_SHA256_Index_v2.md,/mnt/c/Users/fuent/Downloads/2nd Chat First File Dump/Artifact_SHA256_Index_v2.md,7268,2026-07-29T03:12:09Z,md,duplicate,byte-identical to primary copy at /mnt/c/Users/fuent/Documents/ERCOT_Project_Migration_2026-07-29/Artifact_SHA256_Index_v2.md,ARCHIVE,Artifact_SHA256_Index_v2.md,SUPERSEDED,PRIOR_HASH_MATCH,Artifact_SHA256_Index_v3.md; Artifact_SHA256_Index_v4.md; Project_Migration_Manifest_v1.csv; project_extracted_observed.sha256,2,NO,DO_NOT_IMPORT_DUPLICATE,,
be8aa52687b24382c7f4bea12bcc0eb0a19f033e87058687d66ebcea9320ca6f,/mnt/c/Users/fuent/Downloads/2nd Chat First File Dump,D11_Blocker_Memorandum_v1.md,/mnt/c/Users/fuent/Downloads/2nd Chat First File Dump/D11_Blocker_Memorandum_v1.md,7561,2026-07-29T03:12:09Z,md,duplicate,byte-identical to primary copy at /mnt/c/Users/fuent/Documents/ERCOT_Project_Migration_2026-07-29/D11_Blocker_Memorandum_v1.md,SHARED,D11_Blocker_Memorandum_v1.md,CONTROLLING (on D11),PRIOR_HASH_MATCH,Artifact_SHA256_Index_v2.md; Artifact_SHA256_Index_v3.md; Artifact_SHA256_Index_v4.md; Project_Migration_Manifest_v1.csv; project_extracted_observed.sha256,2,NO,DO_NOT_IMPORT_DUPLICATE,,
1b461bac3d2a6f1a99a1818db9df5ac6c075c4b4efb43e92bbfada860209577f,/mnt/c/Users/fuent/Downloads/2nd Chat First File Dump,DRD_Package_Prepared_v1.md,/mnt/c/Users/fuent/Downloads/2nd Chat First File Dump/DRD_Package_Prepared_v1.md,20866,2026-07-29T03:12:09Z,md,duplicate,byte-identical to primary copy at /mnt/c/Users/fuent/Documents/ERCOT_Project_Migration_2026-07-29/DRD_Package_Prepared_v1.md,ARCHIVE,DRD_Package_Prepared_v1.md,SUPERSEDED,PRIOR_HASH_MATCH,Artifact_SHA256_Index_v2.md; Artifact_SHA256_Index_v3.md; Artifact_SHA256_Index_v4.md; Project_Migration_Manifest_v1.csv; project_extracted_observed.sha256,2,NO,DO_NOT_IMPORT_DUPLICATE,,
eae305db03b8b9e1292d9be07feb85d30a49fef145e6957198da6f3287093bdf,/mnt/c/Users/fuent/Downloads/2nd Chat First File Dump,Mentor_Decision_Sheet_v1.md,/mnt/c/Users/fuent/Downloads/2nd Chat First File Dump/Mentor_Decision_Sheet_v1.md,5883,2026-07-29T03:12:09Z,md,duplicate,byte-identical to primary copy at /mnt/c/Users/fuent/Documents/ERCOT_Project_Migration_2026-07-29/Mentor_Decision_Sheet_v1.md,ARCHIVE,Mentor_Decision_Sheet_v1.md,SUPERSEDED,PRIOR_HASH_MATCH,Artifact_SHA256_Index_v2.md; Artifact_SHA256_Index_v3.md; Artifact_SHA256_Index_v4.md; Project_Migration_Manifest_v1.csv; project_extracted_observed.sha256,2,NO,DO_NOT_IMPORT_DUPLICATE,,
9ba791c4f861a334f85e047daebf862fa73100632f636d61cfdda7489235011b,/mnt/c/Users/fuent/Downloads/2nd Chat First File Dump,Phase1_Audit_Log_Entry10.md,/mnt/c/Users/fuent/Downloads/2nd Chat First File Dump/Phase1_Audit_Log_Entry10.md,9605,2026-07-29T03:12:09Z,md,duplicate,byte-identical to primary copy at /mnt/c/Users/fuent/Documents/ERCOT_Project_Migration_2026-07-29/Phase1_Audit_Log_Entry10.md,SHARED,Phase1_Audit_Log_Entry10.md,HISTORICAL,PRIOR_HASH_MATCH,Artifact_SHA256_Index_v2.md; Artifact_SHA256_Index_v3.md; Artifact_SHA256_Index_v4.md; Project_Migration_Manifest_v1.csv; project_extracted_observed.sha256,3,NO,DO_NOT_IMPORT_DUPLICATE,,
d1aa11ba82df402e8173639197287d40d78cce81a66534ed9be8688ac7c528bb,/mnt/c/Users/fuent/Downloads/2nd Chat First File Dump,v7_build_censoring_v1.py,/mnt/c/Users/fuent/Downloads/2nd Chat First File Dump/v7_build_censoring_v1.py,17118,2026-07-29T03:12:09Z,py,duplicate,byte-identical to primary copy at /mnt/c/Users/fuent/Documents/ERCOT_Project_Migration_2026-07-29/v7_build_censoring_v1.py,ARCHIVE,v7_build_censoring_v1.py,SUPERSEDED,PRIOR_HASH_MATCH,Artifact_SHA256_Index_v2.md; Artifact_SHA256_Index_v3.md; Artifact_SHA256_Index_v4.md; Artifact_SHA256_Index_v5.md; Project_Migration_Manifest_v1.csv; project_extracted_observed.sha256,2,NO,DO_NOT_IMPORT_DUPLICATE,,
60dc377c113a3532305d597e2892b4b090bd581d2536587678629199f97d97b2,/mnt/c/Users/fuent/Downloads/2nd Chat First File Dump,v7_censoring_mapping_rule_v1.md,/mnt/c/Users/fuent/Downloads/2nd Chat First File Dump/v7_censoring_mapping_rule_v1.md,13241,2026-07-29T03:12:09Z,md,duplicate,byte-identical to primary copy at /mnt/c/Users/fuent/Documents/ERCOT_Project_Migration_2026-07-29/v7_censoring_mapping_rule_v1.md,ARCHIVE,v7_censoring_mapping_rule_v1.md,SUPERSEDED,PRIOR_HASH_MATCH,Artifact_SHA256_Index_v2.md; Artifact_SHA256_Index_v3.md; Artifact_SHA256_Index_v4.md; Artifact_SHA256_Index_v5.md; Project_Migration_Manifest_v1.csv; project_extracted_observed.sha256,3,NO,DO_NOT_IMPORT_DUPLICATE,,
40db1b32075341eb2ac37946fcacc2b30fdfa3335e983623d67ca5c65bb92271,/mnt/c/Users/fuent/Downloads/2nd Chat First File Dump,v7_censoring_windows_v1.csv,/mnt/c/Users/fuent/Downloads/2nd Chat First File Dump/v7_censoring_windows_v1.csv,1841,2026-07-29T03:12:09Z,csv,duplicate,byte-identical to primary copy at /mnt/c/Users/fuent/Documents/ERCOT_Project_Migration_2026-07-29/v7_censoring_windows_v1.csv,ARCHIVE,v7_censoring_windows_v1.csv,SUPERSEDED,PRIOR_HASH_MATCH,Artifact_SHA256_Index_v2.md; Artifact_SHA256_Index_v3.md; Artifact_SHA256_Index_v4.md; Artifact_SHA256_Index_v5.md; Project_Migration_Manifest_v1.csv; project_extracted_observed.sha256,2,NO,DO_NOT_IMPORT_DUPLICATE,,
c36a9f7f9e6f4b641ed4635678b63f3215aeb0a7f6a44260538a8d2955d88514,/mnt/c/Users/fuent/Downloads/2nd Chat First File Dump,v7_demand_censored_v1.csv,/mnt/c/Users/fuent/Downloads/2nd Chat First File Dump/v7_demand_censored_v1.csv,655343,2026-07-29T03:12:09Z,csv,duplicate,byte-identical to primary copy at /mnt/c/Users/fuent/Documents/ERCOT_Project_Migration_2026-07-29/v7_demand_censored_v1.csv,ARCHIVE,v7_demand_censored_v1.csv,SUPERSEDED,PRIOR_HASH_MATCH,Artifact_SHA256_Index_v2.md; Artifact_SHA256_Index_v3.md; Artifact_SHA256_Index_v4.md; Artifact_SHA256_Index_v5.md; Project_Migration_Manifest_v1.csv; project_extracted_observed.sha256,2,NO,DO_NOT_IMPORT_DUPLICATE,,
7be0f2476600e48ca238f63a0c5a7c23bafb0270c3035153abc8058f034c6e57,/mnt/c/Users/fuent/Downloads,Artifact_SHA256_Index_v3.md,/mnt/c/Users/fuent/Downloads/Artifact_SHA256_Index_v3.md,8418,2026-07-29T03:42:27Z,md,duplicate,byte-identical to primary copy at /mnt/c/Users/fuent/Documents/ERCOT_Project_Migration_2026-07-29/Artifact_SHA256_Index_v3.md,ARCHIVE,Artifact_SHA256_Index_v3.md,SUPERSEDED,PRIOR_HASH_MATCH,Artifact_SHA256_Index_v4.md; Project_Migration_Manifest_v1.csv; project_extracted_observed.sha256,2,NO,DO_NOT_IMPORT_DUPLICATE,,
422107d1066573ad636a962abad5db76ae5a968a6b1a1a03e8410b27f11a1a9b,/mnt/c/Users/fuent/Downloads,Artifact_SHA256_Index_v4.md,/mnt/c/Users/fuent/Downloads/Artifact_SHA256_Index_v4.md,7499,2026-07-29T04:35:08Z,md,duplicate,byte-identical to primary copy at /mnt/c/Users/fuent/Documents/ERCOT_Project_Migration_2026-07-29/Artifact_SHA256_Index_v4.md,ARCHIVE,Artifact_SHA256_Index_v4.md,SUPERSEDED,PRIOR_HASH_MATCH,Artifact_SHA256_Index_v5.md; Project_Migration_Manifest_v1.csv; project_extracted_observed.sha256,2,NO,DO_NOT_IMPORT_DUPLICATE,,
62b2b343d6d81501bc554f7cc595c5ec64c9710977c968fa27c41a968238352d,/mnt/c/Users/fuent/Downloads,Artifact_SHA256_Index_v5.md,/mnt/c/Users/fuent/Downloads/Artifact_SHA256_Index_v5.md,7268,2026-07-29T04:58:35Z,md,duplicate,byte-identical to primary copy at /mnt/c/Users/fuent/Documents/ERCOT_Project_Migration_2026-07-29/Artifact_SHA256_Index_v5.md,ARCHIVE,Artifact_SHA256_Index_v5.md,SUPERSEDED,PRIOR_HASH_MATCH,Project_Migration_Manifest_v1.csv; project_extracted_observed.sha256,2,NO,DO_NOT_IMPORT_DUPLICATE,,
38842611c847ba5dc41281fb1a8ad3fb6f372c1b7e1000458401b04e8a8b9e62,/mnt/c/Users/fuent/Downloads,Artifact_SHA256_Index_v6.md,/mnt/c/Users/fuent/Downloads/Artifact_SHA256_Index_v6.md,6304,2026-07-29T05:25:13Z,md,duplicate,byte-identical to primary copy at /mnt/c/Users/fuent/Documents/ERCOT_Project_Migration_2026-07-29/Artifact_SHA256_Index_v6.md,ARCHIVE,Artifact_SHA256_Index_v6.md,SUPERSEDED,PRIOR_HASH_MATCH,Project_Migration_Manifest_v1.csv; project_extracted_observed.sha256,2,NO,DO_NOT_IMPORT_DUPLICATE,,
983452d3191c6c0bdfef16f461fdacd63f48104b285af2cd2608605e7cd9c3fc,/mnt/c/Users/fuent/Downloads,Artifact_SHA256_Index_v7.md,/mnt/c/Users/fuent/Downloads/Artifact_SHA256_Index_v7.md,7006,2026-07-29T05:37:30Z,md,duplicate,byte-identical to primary copy at /mnt/c/Users/fuent/Documents/ERCOT_Project_Migration_2026-07-29/Artifact_SHA256_Index_v7.md,SHARED,Artifact_SHA256_Index_v7.md,CONTROLLING,PRIOR_HASH_MATCH,Project_Migration_Manifest_v1.csv; project_extracted_observed.sha256,2,NO,DO_NOT_IMPORT_DUPLICATE,,
11ae294d53682565297fee4080e2c08068310b559b741eecb5b65304e794e4b4,/mnt/c/Users/fuent/Downloads,Class_4.drd,/mnt/c/Users/fuent/Downloads/Class_4.drd,106,2026-03-31T16:13:08Z,drd,unknown,no corroborating manifest row or naming rule (drd),UNASSIGNED,,,FIRST_RECORDED_AT_MIGRATION,,1,YES,HOLD_UNRESOLVED,IB-5 purpose unresolved,F-12: content is an Excellon/NC drill file. No relationship to this project observed.
9a4f15ee0afa41cb0606c78b007f0a485c2a4ae7c4b48ffc1285b3104e4c0668,/mnt/c/Users/fuent/Downloads,DRD_Input_Index_v1.md,/mnt/c/Users/fuent/Downloads/DRD_Input_Index_v1.md,10162,2026-07-29T02:05:16Z,md,duplicate,byte-identical to primary copy at /mnt/c/Users/fuent/Downloads/Artifacts from the First Chat/DRD_Input_Index_v1.md,ARCHIVE,DRD_Input_Index_v1.md,HISTORICAL,PRIOR_HASH_MATCH,Artifact_SHA256_Index_v2.md; Artifact_SHA256_Index_v3.md; Project_Migration_Manifest_v1.csv,2,NO,DO_NOT_IMPORT_DUPLICATE,,
1ea0afed51135f16aa01552bd49539facecd1ec7732043248aefce7e4e6c440a,/mnt/c/Users/fuent/Downloads,DRD_Package_Prepared_v2.md,/mnt/c/Users/fuent/Downloads/DRD_Package_Prepared_v2.md,9118,2026-07-29T04:35:09Z,md,duplicate,byte-identical to primary copy at /mnt/c/Users/fuent/Documents/ERCOT_Project_Migration_2026-07-29/DRD_Package_Prepared_v2.md,ARCHIVE,DRD_Package_Prepared_v2.md,SUPERSEDED,PRIOR_HASH_MATCH,Artifact_SHA256_Index_v4.md; Artifact_SHA256_Index_v5.md; Project_Migration_Manifest_v1.csv; project_extracted_observed.sha256,2,NO,DO_NOT_IMPORT_DUPLICATE,,
4bbd75c9bf58c8583c432477e51ebb143cbf7350728ce626eb5074d9a99f0042,/mnt/c/Users/fuent/Downloads,DRD_Package_Prepared_v3.md,/mnt/c/Users/fuent/Downloads/DRD_Package_Prepared_v3.md,9726,2026-07-29T04:58:34Z,md,duplicate,byte-identical to primary copy at /mnt/c/Users/fuent/Documents/ERCOT_Project_Migration_2026-07-29/DRD_Package_Prepared_v3.md,ARCHIVE,DRD_Package_Prepared_v3.md,SUPERSEDED,PRIOR_HASH_MATCH,Artifact_SHA256_Index_v5.md; Project_Migration_Manifest_v1.csv; project_extracted_observed.sha256,2,NO,DO_NOT_IMPORT_DUPLICATE,,
57522b60530415a213fdcc3916b4373cac0d33c2be412bd1279fbbca484d9a00,/mnt/c/Users/fuent/Downloads,DRD_Package_Prepared_v4.md,/mnt/c/Users/fuent/Downloads/DRD_Package_Prepared_v4.md,10980,2026-07-29T05:25:14Z,md,duplicate,byte-identical to primary copy at /mnt/c/Users/fuent/Documents/ERCOT_Project_Migration_2026-07-29/DRD_Package_Prepared_v4.md,ARCHIVE,DRD_Package_Prepared_v4.md,SUPERSEDED,PRIOR_HASH_MATCH,Artifact_SHA256_Index_v6.md; Project_Migration_Manifest_v1.csv; project_extracted_observed.sha256,2,NO,DO_NOT_IMPORT_DUPLICATE,,
b9641ad2ca330bfb41fcf58809ebc756aa53d9a6484cd9c60601cef582f842ac,/mnt/c/Users/fuent/Downloads,DRD_Package_Prepared_v5.md,/mnt/c/Users/fuent/Downloads/DRD_Package_Prepared_v5.md,10978,2026-07-29T05:37:27Z,md,duplicate,byte-identical to primary copy at /mnt/c/Users/fuent/Documents/ERCOT_Project_Migration_2026-07-29/DRD_Package_Prepared_v5.md,SHARED,DRD_Package_Prepared_v5.md,"ACTIVE (PREPARED, PENDING RATIFICATION)",PRIOR_HASH_MATCH,Artifact_SHA256_Index_v7.md; Project_Migration_Manifest_v1.csv; project_extracted_observed.sha256,2,NO,DO_NOT_IMPORT_DUPLICATE,,
9a7a35f2729896153a377905d6095c9ed55ce637ce9ea04ff6d68dea6646dbc5,/mnt/c/Users/fuent/Downloads,Experiment_Freeze_Register_v1.md,/mnt/c/Users/fuent/Downloads/Experiment_Freeze_Register_v1.md,10000,2026-07-29T02:25:55Z,md,duplicate,byte-identical to primary copy at /mnt/c/Users/fuent/Documents/ERCOT_Project_Migration_2026-07-29/Experiment_Freeze_Register_v1.md,SHARED,Experiment_Freeze_Register_v1.md,CONTROLLING,PRIOR_HASH_MATCH,Artifact_SHA256_Index_v2.md; Artifact_SHA256_Index_v3.md; Artifact_SHA256_Index_v4.md; Artifact_SHA256_Index_v5.md; DRD_Input_Index_v1.md; Project_Migration_Manifest_v1.csv; project_extracted_observed.sha256,3,NO,DO_NOT_IMPORT_DUPLICATE,,
9ee4b5bbc3b86c5cfbd040219d14c71998552cd6f8ccb2816c10522b4ac617a8,/mnt/c/Users/fuent/Downloads,MR1a_Step_by_Step_Instructions.md,/mnt/c/Users/fuent/Downloads/MR1a_Step_by_Step_Instructions.md,7648,2026-07-29T01:14:49Z,md,governing document,project governance/audit document,UNASSIGNED,,,FIRST_RECORDED_AT_MIGRATION,,1,YES,PROPOSE_IMPORT,,same-name different-content conflict exists; see report section 12
1ffd41fc658c7d69fdbdbf1692315ad47d6ac9f4c84a888d1bea455857469bc9,/mnt/c/Users/fuent/Downloads,Mentor_Decision_Sheet_v2.md,/mnt/c/Users/fuent/Downloads/Mentor_Decision_Sheet_v2.md,5870,2026-07-29T04:35:16Z,md,duplicate,byte-identical to primary copy at /mnt/c/Users/fuent/Documents/ERCOT_Project_Migration_2026-07-29/Mentor_Decision_Sheet_v2.md,ARCHIVE,Mentor_Decision_Sheet_v2.md,SUPERSEDED,PRIOR_HASH_MATCH,Artifact_SHA256_Index_v4.md; Artifact_SHA256_Index_v5.md; Project_Migration_Manifest_v1.csv; project_extracted_observed.sha256,2,NO,DO_NOT_IMPORT_DUPLICATE,,
fb29e77952c3b846bbd3edfffd934c4f749fb1d8ea26f8331e8fffb0f5792e77,/mnt/c/Users/fuent/Downloads,Mentor_Decision_Sheet_v3.md,/mnt/c/Users/fuent/Downloads/Mentor_Decision_Sheet_v3.md,7017,2026-07-29T04:58:31Z,md,duplicate,byte-identical to primary copy at /mnt/c/Users/fuent/Documents/ERCOT_Project_Migration_2026-07-29/Mentor_Decision_Sheet_v3.md,ARCHIVE,Mentor_Decision_Sheet_v3.md,SUPERSEDED,PRIOR_HASH_MATCH,Artifact_SHA256_Index_v5.md; Project_Migration_Manifest_v1.csv; project_extracted_observed.sha256,2,NO,DO_NOT_IMPORT_DUPLICATE,,
8e48ab6779ed1502ad9d520c2a47b5971f20d07ad39fa6c46c8a465a896949ea,/mnt/c/Users/fuent/Downloads,Mentor_Decision_Sheet_v4.md,/mnt/c/Users/fuent/Downloads/Mentor_Decision_Sheet_v4.md,10193,2026-07-29T05:25:18Z,md,duplicate,byte-identical to primary copy at /mnt/c/Users/fuent/Documents/ERCOT_Project_Migration_2026-07-29/Mentor_Decision_Sheet_v4.md,ARCHIVE,Mentor_Decision_Sheet_v4.md,SUPERSEDED,PRIOR_HASH_MATCH,Artifact_SHA256_Index_v6.md; Project_Migration_Manifest_v1.csv; project_extracted_observed.sha256,3,NO,DO_NOT_IMPORT_DUPLICATE,,
8e48ab6779ed1502ad9d520c2a47b5971f20d07ad39fa6c46c8a465a896949ea,/mnt/c/Users/fuent/Downloads,Mentor_Decision_Sheet_v4_1.md,/mnt/c/Users/fuent/Downloads/Mentor_Decision_Sheet_v4_1.md,10193,2026-07-29T05:25:48Z,md,duplicate,byte-identical to primary copy at /mnt/c/Users/fuent/Documents/ERCOT_Project_Migration_2026-07-29/Mentor_Decision_Sheet_v4.md,ARCHIVE,Mentor_Decision_Sheet_v4.md,SUPERSEDED,FIRST_RECORDED_AT_MIGRATION,,3,NO,DO_NOT_IMPORT_DUPLICATE,,
7b4a53b6df14891b656b6ede2aaf842c3832781c5c1fea0c3590160eae73ce3d,/mnt/c/Users/fuent/Downloads,Mentor_Decision_Sheet_v5.md,/mnt/c/Users/fuent/Downloads/Mentor_Decision_Sheet_v5.md,10113,2026-07-29T05:37:27Z,md,duplicate,byte-identical to primary copy at /mnt/c/Users/fuent/Documents/ERCOT_Project_Migration_2026-07-29/Mentor_Decision_Sheet_v5.md,SHARED,Mentor_Decision_Sheet_v5.md,ACTIVE,PRIOR_HASH_MATCH,Artifact_SHA256_Index_v7.md; Project_Migration_Manifest_v1.csv; project_extracted_observed.sha256,2,NO,DO_NOT_IMPORT_DUPLICATE,,
7b6e20784ec095ba2c9358f94033900cfb686f3cb3ba0b1ce0d2817b7dd77793,/mnt/c/Users/fuent/Downloads,Milestone1_Research_Specification_v0.1.md,/mnt/c/Users/fuent/Downloads/Milestone1_Research_Specification_v0.1.md,21088,2026-07-29T02:42:28Z,md,duplicate,byte-identical to primary copy at /mnt/c/Users/fuent/Documents/ERCOT_Project_Migration_2026-07-29/Milestone1_Research_Specification_v0_1.md,SHARED,Milestone1_Research_Specification_v0_1.md,CONTROLLING (with DR-1),FIRST_RECORDED_AT_MIGRATION,,2,NO,DO_NOT_IMPORT_DUPLICATE,,
9ba791c4f861a334f85e047daebf862fa73100632f636d61cfdda7489235011b,/mnt/c/Users/fuent/Downloads,Phase1_Audit_Log_Entry10.md,/mnt/c/Users/fuent/Downloads/Phase1_Audit_Log_Entry10.md,9605,2026-07-29T03:49:15Z,md,duplicate,byte-identical to primary copy at /mnt/c/Users/fuent/Documents/ERCOT_Project_Migration_2026-07-29/Phase1_Audit_Log_Entry10.md,SHARED,Phase1_Audit_Log_Entry10.md,HISTORICAL,PRIOR_HASH_MATCH,Artifact_SHA256_Index_v2.md; Artifact_SHA256_Index_v3.md; Artifact_SHA256_Index_v4.md; Project_Migration_Manifest_v1.csv; project_extracted_observed.sha256,3,NO,DO_NOT_IMPORT_DUPLICATE,,
d248f27052abcc50ae58a3f772146cbf900c726373b4e11f229889df492fa5ae,/mnt/c/Users/fuent/Downloads,Phase1_Audit_Log_Entry11.md,/mnt/c/Users/fuent/Downloads/Phase1_Audit_Log_Entry11.md,7333,2026-07-29T03:42:27Z,md,duplicate,byte-identical to primary copy at /mnt/c/Users/fuent/Documents/ERCOT_Project_Migration_2026-07-29/Phase1_Audit_Log_Entry11.md,SHARED,Phase1_Audit_Log_Entry11.md,HISTORICAL,PRIOR_HASH_MATCH,Artifact_SHA256_Index_v3.md; Artifact_SHA256_Index_v4.md; Project_Migration_Manifest_v1.csv; project_extracted_observed.sha256,2,NO,DO_NOT_IMPORT_DUPLICATE,,
db76d1504342e46a17af9c29ce43c1b5f57a3bf7212192172ef35e398b5e24fd,/mnt/c/Users/fuent/Downloads,Phase1_Audit_Log_Entry12.md,/mnt/c/Users/fuent/Downloads/Phase1_Audit_Log_Entry12.md,8459,2026-07-29T04:35:15Z,md,duplicate,byte-identical to primary copy at /mnt/c/Users/fuent/Documents/ERCOT_Project_Migration_2026-07-29/Phase1_Audit_Log_Entry12.md,SHARED,Phase1_Audit_Log_Entry12.md,HISTORICAL,PRIOR_HASH_MATCH,Artifact_SHA256_Index_v4.md; Project_Migration_Manifest_v1.csv; project_extracted_observed.sha256,2,NO,DO_NOT_IMPORT_DUPLICATE,,
6f4b91f664ade77e146e22082e6b25f3907dac5023a60c7df6efd7de96c01db7,/mnt/c/Users/fuent/Downloads,Phase1_Audit_Log_Entry13.md,/mnt/c/Users/fuent/Downloads/Phase1_Audit_Log_Entry13.md,6798,2026-07-29T04:58:20Z,md,duplicate,byte-identical to primary copy at /mnt/c/Users/fuent/Documents/ERCOT_Project_Migration_2026-07-29/Phase1_Audit_Log_Entry13.md,SHARED,Phase1_Audit_Log_Entry13.md,HISTORICAL,PRIOR_HASH_MATCH,Artifact_SHA256_Index_v5.md; Project_Migration_Manifest_v1.csv; project_extracted_observed.sha256,2,NO,DO_NOT_IMPORT_DUPLICATE,,
bd0fd7c6a00a70b59739eb09cbac021c5608e17731a531a991039f7959bb0a49,/mnt/c/Users/fuent/Downloads,Phase1_Audit_Log_Entry14.md,/mnt/c/Users/fuent/Downloads/Phase1_Audit_Log_Entry14.md,8109,2026-07-29T05:25:14Z,md,duplicate,byte-identical to primary copy at /mnt/c/Users/fuent/Documents/ERCOT_Project_Migration_2026-07-29/Phase1_Audit_Log_Entry14.md,SHARED,Phase1_Audit_Log_Entry14.md,HISTORICAL,PRIOR_HASH_MATCH,Artifact_SHA256_Index_v6.md; Project_Migration_Manifest_v1.csv; project_extracted_observed.sha256,2,NO,DO_NOT_IMPORT_DUPLICATE,,
a1391e330341ce89f1b0ea4f8f06814a7d1983b0e42fe7866de13cb669833bf5,/mnt/c/Users/fuent/Downloads,Phase1_Audit_Log_Entry15.md,/mnt/c/Users/fuent/Downloads/Phase1_Audit_Log_Entry15.md,6433,2026-07-29T05:37:28Z,md,duplicate,byte-identical to primary copy at /mnt/c/Users/fuent/Documents/ERCOT_Project_Migration_2026-07-29/Phase1_Audit_Log_Entry15.md,SHARED,Phase1_Audit_Log_Entry15.md,CONTROLLING (latest),PRIOR_HASH_MATCH,Artifact_SHA256_Index_v7.md; Project_Migration_Manifest_v1.csv; project_extracted_observed.sha256,2,NO,DO_NOT_IMPORT_DUPLICATE,,
1cb47a031a519e4872da241409d12a471d4d60f4dbbb9767d978644c2439346f,/mnt/c/Users/fuent/Downloads,Phase1_Audit_Log_Entry8.md,/mnt/c/Users/fuent/Downloads/Phase1_Audit_Log_Entry8.md,8931,2026-07-29T01:13:58Z,md,duplicate,byte-identical to primary copy at /mnt/c/Users/fuent/Downloads/Artifacts from the First Chat/Phase1_Audit_Log_Entry8.md,UNASSIGNED,,,FIRST_RECORDED_AT_MIGRATION,,2,NO,DO_NOT_IMPORT_DUPLICATE,,
dac0f9f93da285d12695b788fa3405298eed55ce7910efafcb42f3a71f7aa734,/mnt/c/Users/fuent/Downloads,Phase1_Audit_Log_Entry9.md,/mnt/c/Users/fuent/Downloads/Phase1_Audit_Log_Entry9.md,5562,2026-07-29T02:05:16Z,md,duplicate,byte-identical to primary copy at /mnt/c/Users/fuent/Documents/ERCOT_Project_Migration_2026-07-29/Phase1_Audit_Log_Entry9.md,SHARED,Phase1_Audit_Log_Entry9.md,HISTORICAL,PRIOR_HASH_MATCH,Artifact_SHA256_Index_v2.md; Artifact_SHA256_Index_v3.md; Artifact_SHA256_Index_v4.md; Project_Migration_Manifest_v1.csv; project_extracted_observed.sha256,3,NO,DO_NOT_IMPORT_DUPLICATE,,
f75803dc3f7e3ea618688cb71e3f5091ba1a7fb0cba97a741c1ff7d08c0b1f03,/mnt/c/Users/fuent/Downloads,Phase1_to_DRD_Handoff_v1.md,/mnt/c/Users/fuent/Downloads/Phase1_to_DRD_Handoff_v1.md,22907,2026-07-29T02:05:16Z,md,duplicate,byte-identical to primary copy at /mnt/c/Users/fuent/Documents/ERCOT_Project_Migration_2026-07-29/Phase1_to_DRD_Handoff_v1.md,SHARED,Phase1_to_DRD_Handoff_v1.md,CONTROLLING,PRIOR_HASH_MATCH,Artifact_SHA256_Index_v2.md; Artifact_SHA256_Index_v3.md; Artifact_SHA256_Index_v4.md; Artifact_SHA256_Index_v5.md; Project_Migration_Manifest_v1.csv; project_extracted_observed.sha256,3,NO,DO_NOT_IMPORT_DUPLICATE,,
272af17cd1b2df14b921756738c6625b22c7702a6d14139886c3ff32728689eb,/mnt/c/Users/fuent/Downloads,ercot_hourly_load_harmonized.csv,/mnt/c/Users/fuent/Downloads/ercot_hourly_load_harmonized.csv,54688032,2026-07-28T09:41:50Z,csv,duplicate,byte-identical to primary copy at /mnt/c/Users/fuent/Documents/ERCOT_Project_Migration_2026-07-29/ercot_hourly_load_harmonized.csv,SHARED,ercot_hourly_load_harmonized.csv,CONTROLLING,PRIOR_HASH_MATCH,Artifact_SHA256_Index_v2.md; Artifact_SHA256_Index_v3.md; Project_Migration_Manifest_v1.csv; project_extracted_observed.sha256; mr1a_artifact_hashes.txt; mr1a_artifact_hashes_v2.txt,2,NO,DO_NOT_IMPORT_DUPLICATE,,
f119ba35f2c4fc1c931c21c03a82f7fd198384fc32fac2f665071fc0883dfe5a,/mnt/c/Users/fuent/Downloads,event_inventory_headline.csv,/mnt/c/Users/fuent/Downloads/event_inventory_headline.csv,2269,2026-07-29T01:15:08Z,csv,duplicate,byte-identical to primary copy at /mnt/c/Users/fuent/Documents/ERCOT_Project_Migration_2026-07-29/event_inventory_headline.csv,SHARED,event_inventory_headline.csv,CONTROLLING,PRIOR_HASH_MATCH,Artifact_SHA256_Index_v2.md; Artifact_SHA256_Index_v3.md; Project_Migration_Manifest_v1.csv; project_extracted_observed.sha256,3,NO,DO_NOT_IMPORT_DUPLICATE,IB-1 authoritative event inventory not uniquely ratified; IB-3 timezone/issuance conventions unresolved,
3b5bb5c3bda25450f76626911e20ebb067e2885cdd3cbe960a578a522f12e139,/mnt/c/Users/fuent/Downloads,ghcnh_hourly_station_qcfiltered.parquet,/mnt/c/Users/fuent/Downloads/ghcnh_hourly_station_qcfiltered.parquet,21586915,2026-07-29T02:05:16Z,parquet,duplicate,byte-identical to primary copy at /mnt/c/Users/fuent/Documents/ERCOT_Project_Migration_2026-07-29/ghcnh_hourly_station_qcfiltered.parquet,SHARED,ghcnh_hourly_station_qcfiltered.parquet,CONTROLLING,PRIOR_HASH_MATCH,Artifact_SHA256_Index_v2.md; Artifact_SHA256_Index_v3.md; Project_Migration_Manifest_v1.csv; project_extracted_observed.sha256,3,NO,DO_NOT_IMPORT_DUPLICATE,,
af7df63a54a0e29de6c6d9cb9faa2cb3386fe61eeecf60679369e57b9273de83,/mnt/c/Users/fuent/Downloads,project-handoff-files.zip,/mnt/c/Users/fuent/Downloads/project-handoff-files.zip,15725061,2026-07-29T02:00:17Z,zip,unknown,"undocumented archive; not extracted, membership not enumerated",UNASSIGNED,,,FIRST_RECORDED_AT_MIGRATION,,1,YES,HOLD_UNRESOLVED,IB-5 purpose unresolved,
588cb9252726fbd3e891436009075d48895a2d70a35130a3c386ec15fc84a851,/mnt/c/Users/fuent/Downloads,v7_build_censoring_v2.py,/mnt/c/Users/fuent/Downloads/v7_build_censoring_v2.py,17527,2026-07-29T04:38:35Z,py,duplicate,byte-identical to primary copy at /mnt/c/Users/fuent/Documents/ERCOT_Project_Migration_2026-07-29/v7_build_censoring_v2.py,ARCHIVE,v7_build_censoring_v2.py,SUPERSEDED,PRIOR_HASH_MATCH,Artifact_SHA256_Index_v4.md; Artifact_SHA256_Index_v5.md; Project_Migration_Manifest_v1.csv; project_extracted_observed.sha256,2,NO,DO_NOT_IMPORT_DUPLICATE,,
c07898bc8b5d24f6049e1234d1cb1123cea0aaca858544790496e86e8e7e0582,/mnt/c/Users/fuent/Downloads,v7_build_censoring_v3.py,/mnt/c/Users/fuent/Downloads/v7_build_censoring_v3.py,17658,2026-07-29T04:58:44Z,py,duplicate,byte-identical to primary copy at /mnt/c/Users/fuent/Documents/ERCOT_Project_Migration_2026-07-29/v7_build_censoring_v3.py,SHARED,v7_build_censoring_v3.py,CONTROLLING,PRIOR_HASH_MATCH,Artifact_SHA256_Index_v5.md; Artifact_SHA256_Index_v6.md; Artifact_SHA256_Index_v7.md; Project_Migration_Manifest_v1.csv; project_extracted_observed.sha256,2,NO,DO_NOT_IMPORT_DUPLICATE,,
60dc377c113a3532305d597e2892b4b090bd581d2536587678629199f97d97b2,/mnt/c/Users/fuent/Downloads,v7_censoring_mapping_rule_v1.md,/mnt/c/Users/fuent/Downloads/v7_censoring_mapping_rule_v1.md,13241,2026-07-29T03:49:09Z,md,duplicate,byte-identical to primary copy at /mnt/c/Users/fuent/Documents/ERCOT_Project_Migration_2026-07-29/v7_censoring_mapping_rule_v1.md,ARCHIVE,v7_censoring_mapping_rule_v1.md,SUPERSEDED,PRIOR_HASH_MATCH,Artifact_SHA256_Index_v2.md; Artifact_SHA256_Index_v3.md; Artifact_SHA256_Index_v4.md; Artifact_SHA256_Index_v5.md; Project_Migration_Manifest_v1.csv; project_extracted_observed.sha256,3,NO,DO_NOT_IMPORT_DUPLICATE,,
f1aefc7155426521d51efb6b5f8a96b20c858a4c4c44016827f91b170d7919ae,/mnt/c/Users/fuent/Downloads,v7_censoring_mapping_rule_v2.md,/mnt/c/Users/fuent/Downloads/v7_censoring_mapping_rule_v2.md,10391,2026-07-29T04:35:15Z,md,duplicate,byte-identical to primary copy at /mnt/c/Users/fuent/Documents/ERCOT_Project_Migration_2026-07-29/v7_censoring_mapping_rule_v2.md,ARCHIVE,v7_censoring_mapping_rule_v2.md,SUPERSEDED,PRIOR_HASH_MATCH,Artifact_SHA256_Index_v4.md; Artifact_SHA256_Index_v5.md; Project_Migration_Manifest_v1.csv; project_extracted_observed.sha256,2,NO,DO_NOT_IMPORT_DUPLICATE,,
2984b7993c3903c789dc8035d404b6133ca3e5a7d8e9f9e22ca9981478712f9a,/mnt/c/Users/fuent/Downloads,v7_censoring_mapping_rule_v3.md,/mnt/c/Users/fuent/Downloads/v7_censoring_mapping_rule_v3.md,8068,2026-07-29T04:58:21Z,md,duplicate,byte-identical to primary copy at /mnt/c/Users/fuent/Documents/ERCOT_Project_Migration_2026-07-29/v7_censoring_mapping_rule_v3.md,SHARED,v7_censoring_mapping_rule_v3.md,CONTROLLING,PRIOR_HASH_MATCH,Artifact_SHA256_Index_v5.md; Artifact_SHA256_Index_v6.md; Artifact_SHA256_Index_v7.md; Project_Migration_Manifest_v1.csv; project_extracted_observed.sha256,2,NO,DO_NOT_IMPORT_DUPLICATE,,
8d313f2e1fe71aff1b3c1f39ba3314763da821880817da38a825dac160a1f75d,/mnt/c/Users/fuent/Downloads,v7_censoring_windows_v2.csv,/mnt/c/Users/fuent/Downloads/v7_censoring_windows_v2.csv,3664,2026-07-29T04:35:13Z,csv,duplicate,byte-identical to primary copy at /mnt/c/Users/fuent/Documents/ERCOT_Project_Migration_2026-07-29/v7_censoring_windows_v2.csv,ARCHIVE,v7_censoring_windows_v2.csv,SUPERSEDED,PRIOR_HASH_MATCH,Artifact_SHA256_Index_v4.md; Artifact_SHA256_Index_v5.md; Project_Migration_Manifest_v1.csv; project_extracted_observed.sha256,2,NO,DO_NOT_IMPORT_DUPLICATE,,
bc51b7c53b58a7a7a7aff2fb4c1a572307dcc03aa4e692571363ad6f44f99af7,/mnt/c/Users/fuent/Downloads,v7_censoring_windows_v3.csv,/mnt/c/Users/fuent/Downloads/v7_censoring_windows_v3.csv,4227,2026-07-29T04:58:25Z,csv,duplicate,byte-identical to primary copy at /mnt/c/Users/fuent/Documents/ERCOT_Project_Migration_2026-07-29/v7_censoring_windows_v3.csv,SHARED,v7_censoring_windows_v3.csv,CONTROLLING,PRIOR_HASH_MATCH,Artifact_SHA256_Index_v5.md; Artifact_SHA256_Index_v6.md; Artifact_SHA256_Index_v7.md; Project_Migration_Manifest_v1.csv; project_extracted_observed.sha256,2,NO,DO_NOT_IMPORT_DUPLICATE,,
85d46a5f5d714928fa715544bcd3faaa9da561208d321f9a5ea7d59f27bf88ad,/mnt/c/Users/fuent/Downloads,v7_demand_censored_v2.csv,/mnt/c/Users/fuent/Downloads/v7_demand_censored_v2.csv,679951,2026-07-29T04:35:14Z,csv,duplicate,byte-identical to primary copy at /mnt/c/Users/fuent/Documents/ERCOT_Project_Migration_2026-07-29/v7_demand_censored_v2.csv,ARCHIVE,v7_demand_censored_v2.csv,SUPERSEDED,PRIOR_HASH_MATCH,Artifact_SHA256_Index_v4.md; Artifact_SHA256_Index_v5.md; Project_Migration_Manifest_v1.csv; project_extracted_observed.sha256,2,NO,DO_NOT_IMPORT_DUPLICATE,,
3e7bd358d7bb39527c367f1070b958fe2715397abd54b8275cfca30474077406,/mnt/c/Users/fuent/Downloads,v7_demand_censored_v3.csv,/mnt/c/Users/fuent/Downloads/v7_demand_censored_v3.csv,686731,2026-07-29T04:58:25Z,csv,duplicate,byte-identical to primary copy at /mnt/c/Users/fuent/Documents/ERCOT_Project_Migration_2026-07-29/v7_demand_censored_v3.csv,SHARED,v7_demand_censored_v3.csv,CONTROLLING,PRIOR_HASH_MATCH,Artifact_SHA256_Index_v5.md; Artifact_SHA256_Index_v6.md; Artifact_SHA256_Index_v7.md; Project_Migration_Manifest_v1.csv; project_extracted_observed.sha256,2,NO,DO_NOT_IMPORT_DUPLICATE,,
